"","AFG","ALB","DZA","ASM","AND","AGO","AIA","ATG","ARG","ARM","ABW","AUS","AUT","AZE","BHS","BHR","BGD","BRB","BLR","BEL","BLZ","BEN","BMU","BTN","BOL","BES","BIH","BWA","BRA","VGB","BRN","BGR","BFA","BDI","CPV","KHM","CMR","CAN","CYM","CAF","TCD","JEY","CHL","CHN","HKG","MAC","COL","COM","COG","COK","CRI","CIV","HRV","CUB","CUW","CYP","CZE","PRK","COD","DNK","DJI","DMA","DOM","ECU","EGY","SLV","GNQ","ERI","EST","SWZ","ETH","FLK","FRO","FJI","FIN","FRA","GUF","PYF","GAB","GMB","GEO","DEU","GHA","GIB","GRC","GRL","GRD","GLP","GUM","GTM","GIN","GNB","GUY","HTI","VAT","HND","HUN","ISL","IND","IDN","IRN","IRQ","IRL","IMN","ISR","ITA","JAM","JPN","JOR","KAZ","KEN","KIR","KWT","KGZ","LAO","LVA","LBN","LSO","LBR","LBY","LIE","LTU","LUX","MDG","MWI","MYS","MDV","MLI","MLT","MHL","MTQ","MRT","MUS","MYT","MEX","FSM","MCO","MNG","MNE","MSR","MAR","MOZ","MMR","NAM","NRU","NPL","NLD","NCL","NZL","NIC","NER","NGA","NIU","MKD","MNP","NOR","OMN","PAK","PLW","PAN","PNG","PRY","PER","PHL","POL","PRT","PRI","QAT","KOR","MDA","REU","ROU","RUS","RWA","SHN","KNA","LCA","SPM","VCT","WSM","SMR","STP","SAU","SEN","SRB","SYC","SLE","SGP","SXM","SVK","SVN","SLB","SOM","ZAF","SSD","ESP","LKA","PSE","SDN","SUR","SWE","CHE","SYR","TJK","THA","TLS","TGO","TKL","TON","TTO","TUN","TUR","TKM","TCA","TUV","UGA","UKR","ARE","GBR","TZA","USA","VIR","URY","UZB","VUT","VEN","VNM","WLF","ESH","YEM","ZMB","ZWE"
"AFG",,,,,,,,,3,,,10598,4498,148,,267,,,192,1527,,,,,1,,,,18,,,198,,,,,,15252,,,,,18,,,,56,,,,1,,,,,4,142,,,3580,,,,17,142,,,,,,,,,,838,1946,,,,,21,41742,,,2741,,,,,,,,,,,,406,4,4997,,1176408,142,142,,1235,3164,,,44,,,,868,,,23,,,,187,,24,,,,154,,,,,,,,,,,,,,,,,,18,,,18155,,996,29,,,,,,3083,,621787,,,,,,313,135,,,462,,,,,6935,,,,,,,,,,148673,,,,,,,451,0,,,30,,156,33,,,,4487,2090,320,5687,6,,,,,,,5233,349,,,,1713,2219,22370,,29321,,,,,,,,,,,
"ALB",,,,,,,,,61,,,1214,1219,,,,,,,1699,,,,,0,,,,,,,440,,,,,,4835,,,,,17,,,,23,,,,2,,77,41,,105,123,,,77,,,,19,66,,,,,,,,,,94,3015,,,,,4,7015,,,236038,,,,,,,,,,,,79,13,,,,,213,,,190016,,,,,,,,,,4,,,,169,,,125,,,,,,28,,,,,,,,,,,,,,,,,,346,,,,,,,29077,,157,,,,,,,,236,73,26,,,,,,329,337,,,,,,,,7,,,,91,,,,,58,19,,,38,,616,,,,,383,708,,,,,,,,,,1576,,,,,,,4654,,31914,,,,,8,,,,,,
"DZA",,,,,,,,,99,,,811,761,,,,,,44,10643,,,,,5,,,,46,,,153,,,,,,18102,,,,,40,,,,13,,,,3,,13,17,,12,366,,,604,,,,18,281,,,,,,,,,,444,676380,42,463,38,,7,13162,8,,575,,,63,,,,,,,,,437,18,,,,,504,,17046,12733,,,287,,,,,,,12,,,,1669,,,38,,,,,1037,26,,42,1055,,,73,,,,,,4611,,,237,,,2679,401,,45,264,,,,,626,,,,,,,11,229,417,149,,,,,,8,613,,,,,,,,,,,1221,35,,,,,62,21,,,184,,35324,,,,,1304,4489,,60,,,,,,,4921,448,,,,0,,,11105,,8202,,,,,39,,,28,,,
"ASM",,,,,,,,,,,,60,,,,,,,,,,,,,,,,,,,,,,,,,,,,,,,,,,,,,,,,,,,,0,,,,,,,,,,,,,,,,,,,,6,,,,,,,,,1,,,,,,,,,,,,,,,,,,,,,,,,,,,,,,,,,,,,,,,,,,,,,,,,,,,11,,,,,,,,,,,,,,,,,,,,,,,,,,,,,,,,,,,,,263,,,,,,,986,,,,,,,,,,,,,,,,,,,,,,,,,,,,,,,,,,,,,,,,,,,,,,,,,,,,
"AND",,,,,,,,,1,,,15,2,,,,,,,,,,,,0,,,,5,,,1,,,,,,,,,,,8,,,,23,,,,,,,,,,2,,,1,,,,,,,,,,,,,,,2,443,,,,,,,,,3,,,,,,,,,,,,,0,,,,,0,,,23,,,,,,,,,,0,,,,,,,,,,,,,,,,,,,,,,,,,,,,,,,,,,,,,,,,,,,,,,,,,,195,,,,,,,,,,,,,,,,,,,,,,,,,0,,,,,2002,,,,,0,25,,,,,,,,,,,,,,,,,21,,,,,,,,,,,,,
"AGO",,,,,,,,,6,,,229,145,,,,,,,1646,,,,,3,,,1000,3441,,,2,,,659,,1244,1257,,,,,50,,,,24,,7349,,0,,,42,,,110,,126043,61,,,,8,13,,,267,,106,,,,,143,7750,,,372,,,,,,6,,,,,,,,,,,,44,21,,,,,301,,,872,,,,,,,,,,1,,,,,,,,,,,,152,,,,,,,23,,,,,,,14987,,23181,,,5708,,,,,,,,,111,,,,,,,3,964,39,79766,,,,,,,340,,,,,,,,,208,,,,,,,,16,0,,,11405,,1926,,,,,252,2739,,,,,,,,,,,,,,,,,4452,688,3654,,,,,91,,,,,49394,
"AIA",,,,,,,,17,,,,,,,,,,,,,,,,,,299,,,,,,19,,,,,,43,,,,,9,,,,23,,,,,,,,,,,,,,,9,58,,,,,,,,,,,,,40,,,,,,,,,7,,,,,,,,,,,,,,,,,,1,,,,,,,,,,,,,3,,,,,,,,,,,,,,,,,,,,,,,,,,,,,,,11,,,,,,,,,,,,,,,,,,,,,,,,,,98,,,,9,,,,,,,,,,,,100,,,,,,,,,,,,,,,,,,,,,,,,,,,,,,273,,,534,,,,,,,,,,
"ATG",,,,,,,,,,,,15,0,,5,,,84,,,,,,,0,485,,,,260,,3,,,,,,1099,,,,,10,,,,9,,,,,,,,,,2,,,0,,189,124,,7,,,,,,,,,,,40,,,,,,,,,12,,18,,,,,,5,,,,,,,,,,2,,,5,79,,,,,,,,,0,,,,,,,,,,,,,,,,,,,,,,,,51,,,,195,,,9,,,50,,,,,,,,,,,,,,,,,,,,,,,,,,175,48,,32,,,,,,,,,,116,,,,,,,,,,,,5,49,,,,,,,,,,,,,,,,,1579,,10197,2128,,,,,,,,,,
"ARG",,,,,261,,,,,,,6415,597,,35,,,,37,809,,,,,16402,17,,,16308,,,40,,,2,,,7697,5,,,,25600,,,,1438,,,,354,,71,58,,31,71,,,505,,,1203,1577,135,112,,,,,,32,,,129,5303,,,,,8,4736,,,235,,,,,246,,,,228,,77,148,13,,,,,194,,16457,21085,,1366,,,,,,,,9,,,,,4,39,17,,,,,,9,,,40,,,5087,,,,,,,,,19,,,1175,,422,121,,,,,,281,,,,782,,30947,4808,324,133,561,664,,,,,3,231,,,,,,,,40,,,,17,,,,,26,171,,,616,,125841,,,,,1369,3385,,,,,,,,,,66,,,,,,,3467,,70675,,12773,,,4778,,,,,,
"ARM",,,,,,,,,437,,,528,1204,81293,,,,,3514,160,,,,,1,,,,22,,,639,,,,,,1191,,,,,7,,,,,,,,2,,,,,402,723,,,268,,,,10,57,,,,389,,,,,,18,5667,,,,,6385,5016,,,5349,,,,,,,,,,,,81,1,,,426,,34,,,287,,,18,4403,,,,1870,,632,,,,132,,501,,,,,,,10,,,,,,41,,,,,,,,,65,,,186,,,,,,,,,75,,,,,,,,60,909,47,,,,,,1,287600,,,,,,,,,,,,34,,,,,154,0,,,,,4075,,,,,365,245,,77,,,,,,,,275,3657,,,,28580,,473,,34357,,,3479,,17,,,,,,
"ABW",,,,,,,,3,0,,,25,,,,,,,,,,,,,0,1399,,,,,,3,,,,,,273,,,,,4,,,,138,,,,11,,,,,,,,,2,,11,148,,,,,,,,,,,,,26,,,,,,,,,26,,,,,,,,,,,,,1,,,,,4,,,,,,,,,,,,,0,,,,,,,,,,,,,,,,,,,,,,,,,,,,,,,739,,,,,,,,,,,,,,,,,31,,,,,,,,,,,,,8,,,,,,,,,,,,271,,,,,,,,,,,,,,,,,,,,,,,,,,,,,,287,,1943,242,,,,182,,,,,,
"AUS",,,,,31,,,4,222,,,,969,,36,,,13,11,616,,,32,17,89,,,109,333,4,269,58,,,,114,,10463,68,6,,,766,2581,4501,,83,,,125,16,,536,,,944,164,83,,1104,,1,41,104,230,9,,,,17,,9,,901,458,2460,,37,,,,4827,10,,9360,,,,,31,,,,,,,391,33,366,3486,,,2971,115,1373,5274,,4191,243,,,44,,,9,82,,,,425,,25,30,,,2056,33,,1796,,,,,,184,,,59,,,,,,215,94,,4959,140,29123,,,,8,,,678,,,,94,6996,,284,1131,430,561,,,1717,,,39,347,,,,4,,,222,,,,,378,27,,3423,,103,162,175,,1707,,2329,126,,,,1633,2735,,,919,238,,17,,,,1232,,,,,,,49384,,23852,,,,275,69,22,,,,72,
"AUT",,,,,,,,,701,,,11172,,,16,,,,17,1422,,,17,,67,,87,,1273,,,89,,,,,,9343,37,16,,,390,,,,99,,,,46,,1603,,,96,1843,,,815,,,555,154,242,5,,,,,,,,,224,4787,,,,,13,98695,,,729,,,,,,,,,122,,,3685,47,,,,,270,,2518,3648,,245,127,,,,,,,67,,,,328,1326,30,233,,,,10,,37,,,,,,297,,,6,,,,,,341,,,2788,,621,20,,,,,,551,,,,40,,,92,755,2004,218,,,,,,337,1689,,,,6,,,,,,,,3561,,,,,1297,2332,,,1682,,3022,,,,,3272,20538,,30,,,,,,,,6696,,,,,,,5974,,22303,,,,,404,,,,,,
"AZE",,,,,,,,,,155701,,126,433,,,,,,7960,32,,,,,1,,,,,,,706,,,,,,974,,,,,1,,,,,,,,0,,,,,9,224,,,77,,,,,28,,,,901,,,,,,19,1189,,,,,1885,7208,,,178,,,,,,,,,,,,59,1,,,666,,34,,6567,128,,,,22048,,,,3603,,1674,,,,,,859,,,,,,,,,,,,,,,,,,,,,,,,,270,,,,,,,,,81,,,,,,,,,131,22,,,,714,,,457244,,,,,,,,,,,,,,,,,9,1,,,,,153,,,,,295,191,,65,,,,,,,,8164,3778,,,,47823,,743,,7895,,,11378,,,,,,,,
"BHS",,,,,,,,1,,,,121,10,,,,,25,,13,,,,,0,70,,,2,6,,0,,,,,,792,90,,,,1,,,,,,,,5,,,,,0,,,,4,,3,36,14,3,,,,,,,,,,3,16,,,,,,,,,9,,14,,,,,,5,,,,4,1,,,,,17,,,21,341,,,,,,,,,,,,,,,,,,,,,,,,,,,,,,,,,,,,,13,,,30,,,36,,,,,,4,,,,,,,,,,,,,,,,,,,,11,8,,,,,,,,,,,,,,,,,,,31,,,,,19,52,,,,,,,,,,,,183,,,,,802,,12299,,,,,,,,,,,
"BHR",,,,,,,,,12,,,603,8,,,,13280,,,55,,,,,1,,,,13,,,3,,,,,,870,,,,,3,,,,,,,,1,,,,,38,13,,,44,,,19,,177,,,,,,,,,,7,72,,,,,,,,,14,,,,,,,,,,,,6,1,,,,,50,,,12,,,487,,,,177,,,0,106,,,597,,,,,,,,,,,,,,,,,,,,,,,,14,,,50,,,,,,,,,11,193,,,,,,,3412,,,,143,,,,,,,,,,,,,,,,,,,,,,,0,,,13,,23,100,3976,,,34,128,,,,,,,,,,,,,,,,329,2352,,,,,,,,,,,,,
"BGD",,,,,,,,,,,,9915,1417,,,42486,,,,969,,,,28,19,,,,22,,1066,235,,,,,,16809,,,,,8,1482,253,,,,,,1,,,,,424,61,44,,266,,,,,196,6,,,,,,,,652,636,2041,,,,,,4308,,,6981,,,,,,,,,,,,50,0,1877540,,,,1615,,,43594,,4371,13212,,,,146554,,,6,2619,,,966,,,14,,,115387,12447,,6,,,,1190,,23,,,,,,,,889,21,,122,342,,667,,,,,,670,248,86008,,,20,,,,282,64,658,,66805,7108,,,8,538,,,,,,,,,,470864,,,84,,28036,,,0,,,1074,,3698,240,,,,2207,1116,,,898,73,,,,,,290,,,,20,,350939,87859,,63267,,,,,,2399,,,,,
"BRB",,,,,,,,156,1,,,209,8,,103,,,,,8,,,,,0,148,,,3,92,,0,,,,,,6922,124,,,,2,,,,,,,,3,,,,,,1,,,18,,63,,,,18,,,,,,,,,8,34,,,,,,,,,7,,84,,,,,,118,,,,2,1,,,,,11,,,18,275,,,,,,,,,1,,,,,,,,,,,,,,,,,,,,,,,,,,,,,,,42,,,,,,,,,11,,,,15,,,,,,,,,,,,,,,,39,272,,191,,,,,,,,,,17,,,,,13,,17,,,,,77,36,,,,,,,,852,,,,,,,,,9021,,24870,189,,,,22,,,,,,
"BLR",,,,,,,,,209,178,,697,342,103,,,,,,82,,,,,2,,,,4,,,102,,,,,,3401,,,,,5,,,,,,,,2,,8,,,46,988,,,134,,,,,107,,,,5724,,,,,,56,731,,,,,192,7156,,,271,,,,,,,,,,,,66,6,,,,,339,,11912,8609,,,,27940,,,,5773,,25008,,,,373,,22282,4,,,,,,2,,,,,,,,,,,,,,,,,,65,,,,,,,,,109,,,,,,,,,35936,269,,,,1386,,16,376057,,,,,,,,,,,,18,,,,,40,28,,,63,,1089,,,,,403,257,,283,,,,,,,,64,1391,,,,105069,,881,,23573,,,13382,,,,,,,,
"BEL",,,,,135,,,,398,,,2856,961,,15,,,,22,,,,14,,188,,,,1041,,,177,,224,9,,,9668,7,,,,632,,,,195,,,,86,,128,,,80,281,,,765,,,255,218,249,25,,,,,,,,,208,60781,65,,157,,8,12588,,,2044,,,189,,,76,,,,,13,696,45,,,,,659,,2325,11579,,300,68,,,,,,,42,,,,329,16,77,6422,,,,,,46,,53,34,45,,459,,,,,,482,,,96,,,20383,,,29,,,,,,489,,,,85,,,276,325,2052,1549,,,,,,307,357,,,,6,,,,,,,,129,14,,,,357,151,,,2303,,18455,,,,,771,6064,,,,,26,,,,,3892,,,,19,,,9719,,17174,,,,,207,,,,,,
"BLZ",,,,,,,,6,1,,,30,16,,9,,,7,,,,,,,430,,,,0,,,0,,,,,,766,178,,,,3,,,,,,,,41,,,,,0,0,,,3,,,,,,128,,,,,,,,,1,11,,,,,,,,,1,,,,,336,,,,,,138,1,1,,,,,0,,,11,3,,,,,,,,,,,,,,,,,,,,,,,,,,,,767,,,,,,,,,,,,,,,11,,,,,,,,,,45,,,,,,,,,,,,,,,,,1,,,,,,,,,,,,,,0,,,,,16,,,,,5,26,,,,,,,,,,,,,,,,,369,,18893,,,,,9,,,,,,
"BEN",,,,,,,,,,,,15,42,,,,,,,403,,,,,0,,,,9,,,13,1808,,,,1348,640,,,,,1,,,,,,3814,,0,33856,,,,6,24,,,30,,,,,31,,,,,,,,,,3,9664,,,15088,,,1045,7534,,6,,,,,,911,,,,,,18,0,,,,,16,,,1108,,,,,,,,,,0,,,24,,,,,,,,,1210,,,,320,,,,,,,,,,,,70,,,194,,,,6418,165669,,,,4,,,,,,,,,,27,,,,,,,119,,,,,,,,,,,1519,,,2,,,,0,,,70,,236,,,,,19,273,,,,,26802,,,,,,,,,,,,210,,,,,,,,,,,,,
"BMU",,,,,,,,7,,,,226,7,,9,,,10,,,,,,,0,,,,,,,0,,,,,,1135,24,,,,5,,,,,,,,2,,,,,0,1,,,0,,,12,,,,,,,,,,,,0,27,,,,,,,,,4,,,,,,,,,,,,0,1,,,,,32,,,,,,,,,,,,,,,,,,,,,,,,,,,,,,,,,,,,,,,,,,,,11,,,,,,,,,,,,,,,,,,,,,,,,,,,,,,2,,,,,,,,,,,,,,,,,21,,,,,,,2,,,,,,,,,,,,,,,,,,1641,,4221,,,,,,,,,,,
"BTN",,,,,,,,,,,,79,12,,,,,,,161,,,,,,,,,,,,12,,,,,,552,,,,,6,,,,,,,,1,,,,,,1,,,76,,,10,,,,,,,,,,,,1,35,,,,,,,,,3,,,,,,,,,,,,,,3913,,,,5,,,24,,,,,,,,,,,,,,,,,,,,,,,,,,,,,,,,,,,,,,,,55032,34,,,,,,,,,19,,,,,,,,,,,,,,,,,,,,,,,,,,,,,,,,,,,0,,,,,,63,,,,12,32,,,,,,,,,,,,,,,,,155,,,,,,,,,,,,,
"BOL",,,,,,,,,147845,,,363,181,,,,,,,406,,,,,,,,,16067,,,9,,,,,,1683,,,,,8357,,,,354,,,,116,,9,24,,4,36,,,144,,,163,406,,27,,,,,,,,,43,907,,,,,,1418,,,8,,,,,45,,,,,,79,36,4,,,,,10,,,3202,,,,,,,,,,,,,,,,,,,,,,,,,,,,,1016,,,,,,,,,,,,243,,,34,,,,,,182,,,,139,,563,2183,224,27,34,46,,,,,,132,,,,,,,,,,,,,,,,,,,,,14,,41201,,,,,1407,1124,,,,,,,,,,,,,,,,,1022,,33393,,,,,976,,,,,,
"BES",,,,,,,,4,,,131,,,,,,,,,,,,,,9,,,,,,,,,,,,,24,,,,,,,,,,,,,,,,,,,,,,,,,,,,,,,,,,,,,,36,,,,,,,,,,,,,,,,,,,,,,,,,,,,,,,,,,,,,,,,,,,,,,,,,,,,,,,,,,,,,,,,,,,,,,,2155,,,,,,,,,,,,,,,,,,,,,,,,,,,,,,,,104,,,,,,,,,,37,,,,,,,,,,,,,,,,,,,,,,,,,,,,,,,,,11,,,,22,,,,,,
"BIH",,,,,,,,,,,,19456,63386,,,,,,,111,,,,,4,,,,16,,,52,,,,,,14821,,,,,9,,,,,,,,,,198019,,,20,1123,,,9528,,,6,,29,,,,,,,,,,215,5678,,,,,,78386,,,142,,,,,,,,,,,,189,43,,,,,382,,,7998,,,56,,,,,,,4,,,,186,156,,984,,,,,,78,,,,,,,,,,,,,,,,,,337,,,,,,,3266,,6252,,,,,,,,,1425,16,,,,,,44,453,,,,,,,,,,,,157221,,,,,197,45418,,,45,,981,,,,,27068,22113,,,,,,,,,,1109,,,,,,,2984,,54701,,,,,11,,,,,,
"BWA",,,,,,,,,,,,546,8,,4,,,,,9,,,,,,,,,,,,13,,,,,,175,,,,,3,,,,,,,,,,,,,3,24,,,28,,,,,,,,,,30,,,,,5,22,,,,,,,,,2,,,,,,,,,,,,3,,,,,,53,,,13,,,,,,,,,,,,46,,,,,,,,,,,,,,,,,,,,,,,,,,333,,,100,,,,,,,,,52,,,,,,,,,,,,,,,,,55,,,,,,,,,,,,,,,,,,0,,,14477,,,,,,,22,29,,,,,,,,,,,,,,,,,1198,91,,,,,,,,,,,121,2358
"BRA",,,,,,,,,15911,,,3527,1431,,38,,6570,,25,1755,,,,,9584,,,,,,,29,,,99,,,9118,31,0,,,4056,34411,,,818,,,,134,,47,,,14,107,1068,,777,,,409,615,48,97,,,,,,,14,,272,18887,6038,,,,,12138,6,,712,,,24,,95,101,,880,,,69,230,18,,,,,4233,,3439,21344,,99050,101,,,,,,,18,,,,126,30,33,82,,,,,,19,,27,99,,,1616,,,,,,,,,231,,,3782,,819,48,,,,,,721,,,,539,,41600,1847,1694,118,41207,77,,,,,4,268,,,,6,,,,2,,,257,33,,,,,27,11,,,750,,26199,,,,2136,1634,9679,,,,76,,,,,,123,,,,,,,13474,,110797,,5261,,,2576,,,,,,
"VGB",,,,,,,,42,,,,0,,,3,,,,,,,,,,,828,,,,,,45,,,,,,52,,,,,,,,,,,,,,,,,,,,,,,,30,24,,,,,,,,,,,,,,,,,,,,,,1,,7,,,,,,,,,,,,,,,,1,,,,,,,,,,,,,,,,,,,,,,,,,,,,,,,,,,,,,,,,,,,,,,,,,,,,,,,,,,,,,,,,,,,,,,,,,109,5,,,,,,,,,,,,198,,,,,9,,,,,,,0,,,,,,,,,,,32,,,,,,,121,,,1100,,,,,,,,,,
"BRN",,,,,,,,,2,,,1262,5,,,,,,,,,,,,,,,,5,,,1,,,,,,2018,,,,,,,,,,,,,,,,,,0,,,,1,,,,,24,,,,,,,,,,0,47,,,,,,,,,,,,,,,,,,,,,,0,18436,,,,10,,,8,,,9,,,,,,,,,,,,,,,,,2754,,,,,,,,,,,,,,,,,,,,,296,,,,,,,,,14,,,,,,,,312,,,,,,,,,,,,,,,,,,,,,,,,,,,,,,5,,12,,,,,0,18,,12,,,,,,,,,,,,,,,1733,,,,,,,,,,,,,
"BGR",,,,,,,,,205,,,1754,5361,,7,,,,32,2158,,,,,9,,,,136,,,,,,,,,6363,,,,,82,,,,35,,,,15,,98,36,,1151,2818,,,866,,,142,44,26,,,,,,,,6,,443,5494,,,,,96,30539,,,21121,8,,,,,,,,,,,810,49,,,,,821,,7855,12110,,,43,,,,,,,251,,,,,13,47,112,,,,,,174,,,,,,120,,,6,,,,,,7,,,1041,,,19,,,,402,,470,,,,40,,,35,,1007,1517,,,,79,,8227,4790,,,,,,,,,,,,317,,,,,1037,68,,,1126,,48125,,,,,1838,1546,,,,,,,,,,214529,,,,,1224,,11943,,25179,,,,,80,,,,,,
"BFA",,,,,,,,,3,,,10,53,,,,,,,397,,4849,,,,,,,5,,,6,,,,,,428,,,,,0,,,,,,,,,680127,,,,,5,,,21,,,,,49,,,,,,,,,,3,3566,,,2396,,,1314,37777,,39,,,,,,418,,,,,,,1,,,,,8,,,5535,,,,,,,,,,,,,168,,,,,,,,,11207,,,,,,,,,,,,,,,,35,,,181,,,,10388,,,,,12,,,,,,,,,,,,,,,,,234,,,,,,,,,,,,,,8,,,,0,,,,,436,,,,,28,275,,,,,6134,,,,,,,,,,,,82,,,,,,,,,,,,,
"BDI",,,,,,,,,,,,232,44,,,,,,,2044,,,,,0,,,,10,,,6,,,,,,2147,,,,,1,,,,,,,,,,,,,3,2,,17639,166,,,0,,29,,,709,,160,16,,,,14,676,,,57,,,290,,,68,,,,,,,,,,,,,,,,,,31,,,312,,,,,1054,,,,,0,,,,,,,,,2929,,,,,,,,,,,,,,,,,648,,245,,,971,,,,,,,,,223,,,,,,,,,,,,,,,,,99,36674,,,,,,,,,,,,,,,,,0,,,1642,,31,,,,,616,200,,,,,,,,,,,,,,8879,,,1327,304249,,,,,,,,,,,1941,
"CPV",,,,,,3000,,,15,,,15,13,,,,,,,198,,,,,19,,,,263,,,4,,,,,,123,,,,,0,,,,,,,,,184,,,,,5,,,10,,,0,,,,,,,,,,,,4,8282,,,,,,,,,12,,,,,,34,221,,,,,,19,,,,,4,,,1257,,,,,,,,,,1,,,,,,,594,,,,,,,,,,,,,,,,,,,2760,,,,,5571,,,,,,,,,143,,,,,,,,8,,26065,,,,,,,27,,,,,,,,,945,,,,,0,,,,,,,,,1352,,,,,152,854,,,,,14,,,,,,,,,,,,302,,14085,,,,,,,,,,,
"KHM",,,,,,,,,21,,,13041,331,,,,8649,,,469,,,,,0,,,,7,,,2,,,,,,9724,,,,,2,,,,,,,,0,,,,,0,9,,,71,,,67,,,,,,,,,,,,68,28513,,,,,,772,,,6,,,,,,,,,,,,36,1,,,,,4,,,445,,1153,,,,,,,573,0,,,,,,,,,,5150,,,,,,,,,,,,,,,,,,,,,275,316,2719,,,,,,,112,,,,,,,,80,17,,,,2438,,,,107,,,,,,,,,,,,,,,,,,0,,,,,29,,,,,160,955,,,171788,,,,,,,,,,,,,,358,,69805,,,,,,1417,,,,,
"CMR",,,,,,,,,,,,81,319,,,,,,,2289,,,,,5,,,,40,,,6,,,,,,2807,,,11412,,5,,,,,,2357,,2,,,,,20,35,,,215,,,7,15,92,,322,,,,,,,,187,27110,,,14398,,,7738,63,,234,,,,,,,,,,,,123,3,,,,,187,,,3832,,,,,,,,,,1,,,,,,,19,,,,,1286,,,,249,,,16,,,,,,,,,101,,,960,,,,178,12658,,,,216,,,,,,,,,20,42,,,,,,0,326,,,,,,,,,,,316,,,,,,,1,,,949,,2070,,,,,440,2133,,,,,295,,,,0,,,,,,,,3035,,11462,,,,,,,,,,55,
"CAN",,910,,,,,14,184,408,,,17429,962,,735,,,316,58,2007,291,,1273,14,699,103,,102,900,76,,100,,,,33,91,,648,109,,,1459,4330,8188,,420,,,,397,,334,24,,461,238,141,,1588,,65,1376,567,305,125,,,51,7,,,4,,675,10409,,96,90,,,6876,105,,5573,16,143,186,,176,110,24,142,264,,139,912,107,920,531,,,2143,70,3277,6952,720,4294,336,,,,,,,68,,,69,1567,,27,91,,,,36,,723,,,34,16,,4200,,,56,,17,,,,87,,,4140,,4175,112,,,,,,1079,,,,550,193,1583,533,864,1218,3550,96,,5628,,,56,260,,,,119,80,81,6,,,,,340,,7,1223,9,162,182,,,1604,,2298,63,,,,1314,4420,,27,487,,20,,,489,,646,,215,,133,,,30926,165,285549,,109,,,542,347,,,,85,
"CYM",,,,,,,,,,,,20,,,9,,,,,,,,,,,,,,,,,1,,,,,,115,,,,,0,,,,,,,,3,,,,,,,,,,,,,,,,,,,,,,,,,,,,,,,,,,1,,,,,,,,,,,34,,,,,,,14,,,,,,,,,,,,,,,,,,,,,,,,,,,,,,,,,,,,,,,,,,,,,,,,,,,,,,,,,,,,,,,,,,,,,,,,,,6,,,,,,,,,,,,,,,,,,,,,,,,,,,,,,,,,,,,,,,,,,387,,,,,,,,,,,,,
"CAF",,,,,,,,,,,,5,15,,,,,,,140,,,,,22,,,,0,,,,,,,,6558,113,,,28812,,2,,,,,,6570,,2,,,,,4,0,,,2,,,41,,31,,,,,,,,,,1,7190,,,,,,,,,120,,,,,,,,,,,,5,,,,,,3,,,86,,,,,,,,,,1,,,,,,,,,,,,556,,,,,,,,,,,,,,,,,,,23,,,,,,,,,,,,,,,,,,,,,,,,,,63,,,,,,,,,,,6,,,,,,,0,,,51,,65,,,10697,,25,83,,,,,139,,,,,,,,,,,,78,,,,,,,,,,,,,
"TCD",,,,,,9,,,,,,20,6,,,175,,,,189,,302,,,1,,,,,,,3,,,,,37548,372,,6507,,,8,,,,,,2373,,,,,,,,5,,,7,,,4,,188,,,,,,,,,,4,3309,,,1551,,,218,10,,13,,,,,,,,,,,,0,,,,,,8,,,244,,,37,,,,567,,,,,,,519,,,,,,,,,,,,32,,,,,,,,,,,,,,,70,,,,404,13732,,,,13,,,,,,,,,,,,1311,,,,,104,,,,,,,,,,,,,,1,,,38,1,,,,,47,,,41675,,30,120,,,,,322,,,,,,,,,,,1448,157,,,,,,,,,,,,,
"JEY",,,,,,,,,,,,,,,,,,,,,,,,,,,,,,,,,,,,,,,7,,,,,,,,,,,,18,,,,,,,,,,,,,,,,,,,,,,,,,,,,,,,,,,0,,,,,,,,,,,,,,,,,,,133,,,,,,,,,,,,,,,,,,,,,,,,,,,,,,,,,,,,,,,,,,,,,,,,,,,,,,,,,,,,,,,,,,,,,,,,,,,,,,,,,,,,,,,,,,,,,,,,,,,,,,,,,,,,,,,,,,,7024,,,,,,,,,,,,,
"CHL",,,,,78,,,,92812,,,12948,460,,9,,,,,2229,,,,,2200,,,,9780,,,9,,,,,,12053,,,,,,,,,896,,,,444,,39,66,,12,33,,,692,,,908,3090,13,105,,,,,,76,,,140,6276,,,,,,4628,,,140,,,,,128,,,,183,,113,70,38,,,,,75,,1447,3562,,,,,,,,,,3,,,,,,,25,,,,,,,,,,,,2524,,,,,,,,,24,,,1450,,639,64,,,,,,3119,,,,660,,1335,2869,38,24,94,477,,,,,0,199,,,,,,,,,,,,,,,,,12,8,,,189,,24552,,,,,13964,2934,,,,,,,,,,14,,,,,,,2559,,38089,,648,,,8008,,,,,,
"CHN",,,,314,,,,57,5375,,444,104773,6139,,75,,78519,17,,5841,760,,147,376,472,44,,2286,8099,,1077,374,,,18,1387,,237598,,,,,2065,,991785,108158,893,,273,,92,,109,169,,510,1507,11808,,2815,,19,1617,867,460,135,,104,81,,,,1,441,1973,31501,614,323,140,,34,33379,158,,1077,4,,,1241,260,94,,465,172,,273,4981,128,39684,40757,,,5609,,333,68705,,296819,3533,997,,,,191,1596,149,242,66,,1796,29,46,415,906,,14796,,185,117,156,79,51,774,,2524,,,4057,,,,,19832,2312,233,10790,19451,56,36260,78,,,,,1840,1877,,201,389,7047,31,471,1930,36289,421,3289,673,,121985,,,1228,33333,,,,24,,,55,,,,,1003,243,216,126904,44,371,177,119,,7169,,42538,1011,,976,2090,4733,5677,,31,21444,781,285,,85,257,,822,,,,231,4384,,71181,,797231,,,,,6394,1604,,,,295,
"HKG",,,,,,,,,7,,,39027,107,,14,,,,,,29,,,,6,127,,,,,249,,,,,105,,102326,,,,,44,71680,,9434,21,,,,873,,,,,,2,83,,251,,,,28,,4,,,,,,,,,,628,,,,,,,,,14,,,,,,,,,,,,,,,,,,762,,,,,,44,,,,,,,,,,,,,,,,,,,,,,,,14,,,9,,,,,,,,,,,,,3568,,,,,,,496,,,,154,,,,111,,45,,,,,,,27,,,,,,,,,,,,,,,23390,,,,,,445,,,,,,,256,,,,,,,,,,,26,,,,,,,44640,,108369,,,,,301,,,,,,
"MAC",,,,,,,,,,,,956,5,,,,,,,,,,,,,,,,,,,,,,,,,2860,,,,,6,9502,30955,,,,,,1,,,,,,,,,0,,,,,,,,,,,,,,,,33,,,,,,,,,,,,,,,,,,,,,,,,,,,,,,,,,,,,,,,,,,,,,,,,,,,,,,,,,,,,,,,,,,,,,,,,,,,,,,,,40,,,,,,,,,,1132,,,,,,,,,,,,,,,,,,,,,,5815,,,,,,,,,,,,,,,,,,,,,,,,,,,,,,,,,4413,,,,,,,,,,,
"COL",,,,,,,,,1294,,3127,2718,488,,63,,,,,1612,,,,,1082,831,,,2879,,,10,,,,,,18731,157,,,,4192,,,,,,,,3770,,8,53,,20,52,,,1337,,,2310,44596,39,219,,,,,,,24,,331,10047,,,,,,4876,,,92,,,,,438,,,,361,,351,88,45,,,,,,,922,8810,,,21,,,,,,,2,,,,,4,,7,,,,,,,,,,,,4102,,,,,,,,,,,,4935,,181,211,,,,,,2252,,,,15635,,,2396,34,49,171,2120,,,,,,160,,,,,,,,,,,,,,,,41,29,5,,,116,,115774,,,,,4688,3694,,,,,,,,,,15,,,,,,,7145,,262932,,,,,318105,,,,,,
"COM",,,,,,,,,,,,,,,,,,,,,,,,,,,,,,,,,,,,,,52,,,,,0,,,,,,,,,,,,,,1,,,9,,,,,652,,,72,,,,,,,2,15080,,,,,,,,,29,,,,,,,,,,,,,,,,,,0,,,8,,,,,,,,,,,,,,3006,,,,5042,,,,,,,,,,24487,,,,,,,,,,,,,,,,,,,,,,,,,,,,,,,,,,,,,895,,27,,,,,,,,,,,,,,,,,,0,,,93,,,,,,,3,15,,,,,,,,,,,,,,,,,41,332,,,,,,,,,,,,
"COG",,,,,,287,,,34,,,413,198,,,,,,,2662,,923,,,4,,,,35,,,5,,,,,1475,558,,,262,,13,,,,,,,,3,,,,,,31,,4645,184,,,,,45,,,,,24,,,,,29,28522,,,4346,,,1298,,,536,,,,,,,,,,,,57,,,,,,1078,,,1694,,,,,,,,,,1,,,,245,,,,,783,,,8003,,,,,,,,,,,,,646,,,673,,,624,,,,,,,,,352,,,,,,,,449,51,497,,,,,,,344,,,,,,,,,,,,,,,,,10,0,,,6343,,1130,,,,,180,536,,,,,104,,,,,,,,,,,,2430,11743,,,,,,,,,,,1998,
"COK",,,,,,,,,,,,2706,,,,,,,,,,,,,,,,,,,,,,,,,,,,,,,1,,,,,,,,,,,,,,,,,0,,,3,,,,,,,,,,,16,,0,,,,,,,,,1,,,,,,,,,,,,,,,,,,,,,,,,,,,,,,,,,,,,,,,,,,,,,,,,,,,,,,,,,,,,,,,,6822,,,,,,,,,,,,,,,,,,,,,,,,,,,,,,,2,,,,,,,,,,,,,,,,,,,,,,,,,,,,,,,,,,,,,,,,,,,,,,,,,,,,
"CRI",,,,,,,,,102,,,200,53,,23,,,,,84,,,,,66,,,,171,,,4,,,,,,1634,137,,,,331,,,,402,,,,,,,,,0,11,,,73,,,438,218,,387,,,,,,,,,23,249,,,,,,484,,,8,,,,,417,,,,90,,331,19,4,,,,,6,,,343,45,,,,,,,,,0,,,,,,,,,,,,,,,,,,,1134,,,,,,,,,,,,249,,,4692,,,,,,112,,,,2545,,,139,23,26,,285,,,,,,18,,,,,,,,,,,,,,,,,,0,,,,,952,,,,,129,303,,,,,,,,,,27,,,,,,,229,,33396,,,,,482,,,,,,
"CIV",,,,,,11,,,1,,,110,117,,,,,,,1311,,6798,,,0,,,,120,,,3,224696,,5,,,2068,,,,,8,,,,,,,,0,,,,,,38,,,221,,,,,140,,,,,,,,,,59,35351,,,1232,,,1994,12077,,76,,,,,,3417,,,,,,15,1,,,,,84,,,10547,,,,,,,,,,2,,,3493,365,,,,,,,,25106,,,,160,,,11,,,,,,,,,22,,,482,,,,527,,,,,119,,,,,,,,,,84,,,,,,,71,,,,,,,,,,,1225,,,190,,,,0,,,448,,1004,,,,,270,1079,,,5,,1188,,,,312,,,,,2,,,2426,,7079,,,,,,,,,,,
"HRV",,,,,,,,,750,,,35958,21313,,,,,,,42,,,,,27,,8673,,109,,,33,,,,,,18479,,,,,330,,,,27,,,,7,,,,,22,766,,,339,,,,27,70,,,,,,,,14,,71,4547,,,,,,90586,,,127,,,,,,,,,,,,917,43,,,,,324,,,11519,,,16,,,,,,,6,,,,,67,,171,,,,,,47,,,,,,31,,,,,,,,,,,,88,,961,,,,,537,,1385,,,,53,,,61,,412,49,,,,,,577,211,,,,,,,,,,,,134900,,,,,372,28048,,,288,,814,,,,,2992,7857,,,,,,,,,,90,,,,,,,2952,,21510,,,,,212,,,,,,
"CUB",,,,,,,,8,893,,,325,210,,81,,,21,42,407,,,13,,525,716,,,1006,,,120,,,49,,,4510,357,,,,2373,,,,889,,71,,1511,,,,,12,236,,,132,,0,3322,825,,56,,,,,,,,,150,1612,,,,,7,4272,,,80,,,,,279,224,,,576,,302,220,12,,,,,47,,,4677,929,,,,,,,,,41,,,,,,,7,,,,,,,,,,,,4484,,,,,,,,,286,,,388,,,502,,,,,,158,,,,1138,,,462,,139,277,8077,,,,,1,1385,,,,23,,,,,,,,15,18,,,147,72,7,,,487,,32087,,,,,1017,1111,,,,50,,,,23,,21,,,,15,,,781,,463625,,,,,5346,,,,,,
"CUW",,,,,,,,7,,,1090,45,,,,,,,,,,,,,70,1265,,,,,,,,,,,,172,11,,,,,,,,33,,,,,,,,,,,,,,,,,,,,,,,,,,,,,,,,,,,,,,,,,,,,,,,,,,,,,,,,,,,,,,,,,,,,,,,,,,,,,,,,,,,,,,,,,,,,,,,,,,,,30158,,,,,,,,,,,,,18,,,,,,,,,,,,,,,,,48,,72,,,,,,,,,,348,,,,,,,,,,,,,,,,,,,,,,,,,,,,,,,,,142,,,,305,,,,,,
"CYP",,,,,,,,,34,,,11231,134,,,,,,,89,,,,,0,,,,,,,116,,,,,,1959,,3,,,13,,,,,,,,1,,,,,,46,,,66,,,,,41,,,,,,,,,,72,483,,,,,,702,,,9622,,,,,,,,,,,,117,3,,,,,128,,,188,,,124,,,,,,,5,,,,,,12,11,,,,,,19,,,,,,,,,,,,,,,,,,175,,,,,,,,,82,,,,,,,,,82,12,,,,,,25,306,,,,,,,,,,,,98,,,,,43,1,,,1370,,111,63,,,,267,171,,,,,,,,,,4503,,,,,,,36190,,7796,,,,,6,,,,,,
"CZE",,,,,,,,,1057,,,6965,16528,,,,,,29,71,,,,,14,,,,427,,,285,,,,,,8719,,,,,103,,,,20,,,,,,216,51,,145,,,,237,,,11,114,78,,,,,,,,,,226,1702,,,,,12,131267,,,1690,,,,,,,,,,,,507,54,,,,,2825,,,1218,,,19,,,,,,,97,,,,,15,40,109,,,,,,24,,,,,,117,,,6,,,,,,25,,,1949,,415,,,,,21,,380,,,,12,,,42,,2349,68,,,,80,,223,6395,,,,,,,,,,,,161,,,,,25972,124,,,589,,1716,,,,,260,4731,,,,,,,,,,534,,,,,,,8869,,39903,,,,,170,,,,,,
"PRK",,,,,,,,,22,,,254,774,,,,,,18,451,,,,,4,,,,43,,,9,,,,40,,164,,,,,8,,,,77,,,,8,,,,,7,17,,,135,,,,133,55,,,,,,,,,,0,30,,,54,,,820,,,11,,,,,,,,,,,31,,,,,,,68,,,33,,,110,25595,,,,736,,9,,,,,,,,,,,,,,,,,,,531,,,192,,,,,,105,,,21,,,,,,,,,14,,,,,,,41,2515,,16,,,,,,,6616,,,,,,,,,,,,,,2,,,,,,,16,,87,,,,,45,145,,95,0,,,,,,,15,,,,100,,,3368,,,,,,,21,515,,,,,
"COD",,,,,,11634,,,,,,172,301,,,,,,,30015,,,,,1,,,956,35,,,9,,42404,,,2138,6747,,9476,95,,14,,,,,,123139,,0,,,,,200,27,,,208,,,,,75,,,769,,120,43,,,,373,23628,,,2743,,,5767,12,,318,,,,,,,,,,,,15,2,,,,,29,,,1980,,,,,1448,,,,,,,,,273,,,37,,1206,,,,,,,38,,,30,,,,,,,2432,,1711,,,3051,,,28,,,,,,83,,,,,,,,1,,1009,,,,,,,,95331,,,,,,,,,,114,,,5,,,,2,,,6833,,757,,,6987,,731,2648,,,5,,236,,,,,22,,,,43223,,,5998,102486,6112,,,,,,,,,,37795,
"DNK",,,,,73,,,,179,,,5597,479,,14,,,,117,1291,,,19,20,42,,,104,324,,,33,,,,,,8153,12,0,,,176,,,,43,,,,18,,31,,,46,127,,,,,,43,63,138,,,,67,,,,1728,,453,2608,,,,,,8980,,,277,3891,,,,,,,,,,,180,1245,,,,,402,,552,903,,215,53,,,,,,,177,,,,426,13,152,789,,,,,,31,,,,,,159,,,,,,,,,79,,,1310,,692,30,,,,,,11042,,,,62,,,114,320,387,197,,,,,,36,704,,,,,,,,,,,,94,,,,,112,16,,,727,,4072,,,,,22658,2058,,81,354,,,,,,,1523,,,,76,,,7684,,12030,,,,,82,,,,,,
"DJI",,,,,,,,,,,,51,4,,,,,,,161,,,,,,,,,,,,3,,,,,,410,,,,,,,,,,,,,,,,,,0,1,,,7,,,,,200,,,,,,1583,,,,1,2943,,,,,,,,,13,,,,,,,,,,,,,1,,,,,1,,,25,,,,,,,,,,,,,,848,,,,,,,,,,,,,,,,,,,,,,,,,,,39,,,,,,,,,3,,,,,,,,,,,,,,,,,,,,,,,,,,,,,,,,,,,0,,,,,14,,,,,29,39,,,,,,,,,,,,,,,,,139,,,,,,,,,,,,,
"DMA",,,,,,,,1844,0,,37,10,10,,31,,,141,,56,,,,,1,56,,,5,434,,1,,,,,,1224,,,,,21,,,,20,,,,0,,,,,0,1,,,4,,,14,,,,,,,,,,,,2,2452,162,,,,,,,,20,,35,2095,,,,,18,,,,,1,,,,,1,,,54,70,,,,,,,,,,,,,,,,28,,,,,,,,173,,,,,,,,,118,,,,,,,35,,,,,,,,,,,,,13,,,,,,,963,,,,,,,,,96,121,,36,,,,,,,,,,369,,,,,,,235,,,,,23,81,,,,,,,,,,,,,,,,,2832,,12436,2494,,,,3,,,,,,
"DOM",,,,,,,359,593,260,,1282,51,712,,103,,,,,646,,,9,,27,2857,,,52,556,,6,,,,,,3328,48,,,,190,,,,153,,,,184,,,35,,1,11,,,31,,,,78,,30,,,,,,,,,44,1311,,,,,,2039,,,64,,,428,,45,,,,1153,,61,17,4,,,,,8,,,8312,,,,,,,,,,0,,,,,11,,10,,,,,,,,57,,,,645,,,,,16,,,,,,,2040,,,31,,,,,,129,,,,1884,,,75,,4,17,31706,,,,,0,,,,,17,,,,,,,,,,,,613,,0,,,,,24951,,,,,196,2598,,,,,,,,,,,,401,,,,,453,,335606,1530,,,,5520,,,,,,
"ECU",,,,,,,,,716,,,804,226,,16,,,,,1064,,,,,419,,,,784,,,3,,,,,,5678,,,,,6082,,,,6056,,,,347,,,20,,3,31,,,211,,,397,,3,50,,,,,,,,,59,1400,,,,,,2042,,,11,,,,,68,,,,,,224,59,8,,,,,17,,,21026,,,,,,,,,,0,,,,,,,,,,,,,,,,,,,913,,,,,,,,,,,,546,,,58,,,,,,241,,,,1124,,,1462,201,35,166,449,,,,,,170,,,,,,,,,,,,,,,,,15,3,,,,,220296,,,,,712,1560,,,,,,,,,,,,,,,,,2476,,185391,,,,,15452,,,,,,
"EGY",,,,,,,,4,203,,,19889,7327,,10,27252,,,,1542,,,,,14,,,,1663,,,78,,,,,,21520,,20,,,75,,,,78,,,,4,,56,,,1975,260,,,946,,,,28,,,,,,,,,,,492,17180,,,,,,11954,17,,16578,,,,,2,,,,,,,510,17,,,,11062,438,,10110,52891,,685,133590,,,,80448,,,22,79932,,,12110,,25,12,,,,16,,283,,,125,,,121,,,,,,639,,,110,,,7929,,623,,,,,737,,351,17568,,,27,,,14,134,245,205,29,35811,,,,16,757,,,,,,,,,,319728,,53,,,,,127,35,,,1361,,2334,42,8030,12193,,1602,3181,,,0,,,,,,342,430,,,,0,,227694,14472,,71916,,,,,119,,,,5141,68,
"SLV",,,,,,,,,57,,,5243,22,,31,,,,,150,3638,,,,50,,,,250,,,3,,,,,,19738,,,,,180,,,,172,,,,2884,,,,,4,4,,,26,,,172,125,84,,,,,,,,,,15,794,,,,,,332,,,11,,,,,3877,,,,,,2931,4,3,,,,,14,,,2862,60,,,,,,,,,,,,,372,,,,,,,,,,,,,,,3268,,,,,,,,,,,,141,,,1144,,,,,,65,,,,1165,,,44,,,10,458,,,,,,,,,,,,,,,,,,,,,,,,,,,,,1670,,,,,1254,246,,,,,,,,,,,,,,,,,267,,514399,,,,,413,,,,,,
"GNQ",,,,,,,,,,,,,4,,,,,,,13,,,,,,,,,7,,,,,,,,1600,24,,,,,2,,,,,,309,,,,,,,,0,,,,,,,,,,,,,,,,,,2,97,,,24532,,,,,,0,,,,,,,,,,,,,0,,,,,0,,,44,,,,,,,,,,,,,,,,,,,,,,,,,,,,,,,,,,,,,,,,,15,,,,,,,,,,,,,,,,,,,19,,,,,,,41,,,,,,,,,77,,,,,2,,,,0,,,,,6914,,,,,12,14,,,,,44,,,,,,,,,,,,56,,,,,,,,,,,,,
"ERI",,,,,,,,,,,,1171,36,,,629,,,,2,,,,,0,,,,,,,2,,,,,,3061,,,,,1,,,,,,,,,,,,,0,1,,,70,,,,,243,,,,,,3328,,,,17,103,,,,,,4368,,,88,,,,,,,,,,,,4,2,,,,501,30,,,4670,,,80,,359,,2049,,,0,,,,1098,,,,,,,,,14,,,,,,,,,,,,,,,,,,334,,,,,,,,,961,,,,,,,,,1,,,807,,,,,,,,,,,,,,,,,,,0,,,,0,,10,181,,39,,,98041,,2688,3629,,,,,,,,,,,,,,72,,5236,5379,,10475,,,,,14,,,,491,,
"EST",,,,,,,,,27,,,737,77,247,3,,,,1099,80,,,,,1,,,,26,,,13,,,,,,2337,,,,,34,,,,8,,,,0,,5,,,4,36,,,229,,,,,12,,,,,,,,,,7834,262,,,,,35,3321,,,25,,,,,,,,,,,,28,34,,,,,1101,,,127,,,,423,,,,356,,1758,,,,,9,561,34,,,,,,,,,,,,,,,,,,,,,,,,78,,,,,,,,,164,,,,,,,7,,90,70,,,,,,,29942,,,,,,,,,,,,,,,,,10,0,,,65,,242,,,,,4014,136,,,,,,,,,,39,,,,,5339,,1913,,4979,,,,,14,,,,,,
"SWZ",,,,,,,,,,,,134,7,,3,,,,,,,,,,,,,251,,,,0,,,,,,90,,,,,2,,,,,,,,1,,,,,,0,,,26,,,,,,,,,,,,,,,,10,,,,,,,,,10,,,,,,,,,,,,,,,,,,11,,,7,,,,,,,,,,,,17,,,,,,,,,,,,,,,,,,,,,,,,,,92,,,38,,,,,,,,,,,,,,,,,,,206,,,,,,,,,,,,,,,,,,,,,,,,,,,,23131,,,,,,,7,31,,,,,,,,,,25,,,,,,,489,57,,,,,,,,,,,,
"ETH",,,,,,,,37,22,,,3157,412,,,384,,,23,792,,,,,2,,,,0,,,37,,,,,,9090,,,,,5,,,,,,,,1,,,,,20,46,,,774,4830,,,,253,,,53,,10,,,4,,636,2378,,,,,,8242,12,,852,,,,,,,,,,,,82,21,,,,,88,,33443,7231,,,25,,11759,,1444,,,,,,,948,,,,,,,,,24,,,,,,,,,,,,,,,69,,,4405,,432,44,,,,,,1683,,,,,,,,,33,11,,726,,,,,216,,,,1,,,,,,54566,,,,,,,16,5,,605,990,,406,,,55315,,5891,1839,,,0,,,,,,,23,,,,171,,3190,4891,,59576,,,,,19,,,,1114,,
"FLK",,,,,,,,,,,,59,,,,,,,,,,,,,,,,,,,,,,,,,,,,,,,3,,,,,,,,,,,,,,,,,,,,,13,,,,,,,,,,,,,,,,,,,,,,,,,,,,,,,,,,,,,,,4,,,,,,,,,,,,,,,,,,,,,,,,,,,,,,,,,,,,,,,,,,,,,,,,,,,,,,,,,,,,,,,,,,,,,,,,,,,,,,,,,,,,,,,,,,,,,,,,,,,,,,,,,,,,,,,,,,,,392,,,,,,,,,,,,,
"FRO",,,,,,,,,,,,20,,,,,,,,,,,,,,,,,,,,,,,,,,,,,,,1,,,,,,,,,,,,,,,,,4442,,,,,,,,,,,,,,,,0,,,,,,,,,0,157,,,,,,,,,,,,130,,,,,1,,,,,,,,,,,,,,,,,,,,,,,,,,,,,,,,,,,,,,,,,,,,,,,,,,,,,356,,,,,,,,,,,,,,,,,,,,,,,,,,,,,,,,,,,,,,,,,,,,,,,,,,,,,,,,,,,,,,,121,,,,,,,,,,,,,
"FJI",,,,123,,,,,0,,,25822,5,,,,,,,3,,,,,0,,,,,,,1,,,,,,10796,,,,,8,,,,,,,49,0,,,,,0,2,,,6,,,,,,,,,,,,,,,4,12,,16,,,,,,,3,,,,,,,,,,,,,0,84,,,,7,,,7,,,,,,206,,,,,,,,,,,,,,,,,,56,,,,,,,,,,,,,,,105,,28,,17521,,,,21,,,14,,,,,63,,,,,,,,,,,,,,,,,,,71,,,,,,,,,,,,79,,14,,18,,,,,13,26,,,,,,,300,,,,,,33,,,,2314,,17234,,,,86,,,,,,,
"FIN",,,,,,,,,33,,,4270,346,,,,,,976,1037,,,,,19,,,,175,,,22,,,,,,5348,5,,,,107,,,,22,,,,4,,11,,,77,109,,,1241,,,24,24,95,,,,1082,,,,,,,983,,,,,3,3989,,,128,5,,,,,,,,,,,286,48,,,,,320,,102,424,,257,,,,,,108,,136,,,,427,2,58,305,,,,,,5,,,,,,49,,,5,,,,,,23,,,695,,,,,,,,,2659,,,,13,,,29,203,98,134,,,,,,27,962,,,,,,,,,,,,15,,,,,58,6,,,98,,3762,9,,,,75565,1358,,,,,,,,,,725,,,,,,,3007,,10234,,,,,27,,,,,,
"FRA",,,199,,2574,,,17,3255,,,10686,3163,,83,420,,,,69085,,458,78,12,515,106,70,,5492,12,,248,,112,89,278,2459,45226,22,5727,326,652,2431,,1303,,921,289,2020,,242,,502,52,,236,1216,,,2920,,38,1526,572,1354,103,1252,161,87,,,,,,924,,11190,13083,5181,,13,51236,102,,2561,6,,24284,,128,649,76,,232,,59,1702,182,612,,,,4139,,15388,33459,,3892,396,,,,811,,,131,83,,83,2663,47,149,9544,4115,,,47,4815,73,,20365,,604,4023,3316,,2819,30,,,7546,,,250,,,8715,17091,1148,78,,,,,,1727,670,,,327,,401,1067,162,13530,44553,115,402,980,,41517,773,1097,,,,41,461,,10,10,,,5694,2690,97,,,24,1053,691,,,2101,,84133,90,,,,3857,56703,,,905,,567,,,,2348,7350,,,,136,,3578,46250,,77768,,238,,190,1907,105,326,98,,40,
"GUF",,,,,,,,3,,,,5,,,,,,,,,,,,,1,4,,,389,,,,,,,,,33,,,,,3,,,,,,,,3,,,,,0,,,,0,,3,,,,,,,,,,,,,,,,,,,,,,,1,,,482,,7,,,,,,,,,,,,,,,,,,,,,,,,,,,,,,,,,,,,,,,,,588,,,,,,,,,,,,,,,,,,,,,,,,,,,,,,,,13,,,,,,,,,,,,,,72,,,,,,,,,,,,,,,,,,,,,,,,,,,,,,,,,,,,,,,,,,,,,,,,,12,,,,,,
"PYF",,,,,,,,,,,,151,,,,,,,,,,,,,,,,,,,,,,,,,,76,,,,,2,,,,,,,35,,,,,,,,,,0,,,,,,,,,,,,,,,,,,,,,,,,,6,,,,,,,,,,,,,,,,,,1,,,,,,,,,,,,,,,,,,,,,,,,,,,,,,,,,,,,,,,,,,,,,1046,,,,,,,,,,,,,,,,,,,,,,,,,,,,,,,,,,,,,,,,,,,,,,,,,,,,,,,,,,,,,,,,,,,,,,,39,,,,,,,,,16,,,,
"GAB",,,,,,,,,,,,15,13,,,,,,,231,,,,,0,,,,15,,,3,,,8,,535,323,,,107,,3,,,,,,571,,0,,,,,,1,,,3,,,,,,,87,,,,,,,,1,7700,,,,,,214,,,14,,,,,,,,,,,,3,,,,,,2,,,133,,,,,,,,,,,,,,,,,,,,,,9108,,,,49,,,,,,,,,,,,,,,50,,,,,,,,,,,,,,,,,,,282,,,,,,,,,,,,,,,,242,,,,,,,,,1,,,97,,101,,,,,3,87,,,,,327,,,,,,,,,,,,98,,,,,,,,,,,,,
"GMB",,,,,,,,,,,,40,437,,,,,,,186,,,,,,,,,,,,4,,,4,,,205,,,,,3,,,,,,,,,3441,,,,,6,,,319,,,,13,19,,,,,,,,,,255,876,,,,,,2477,19,,32,,,,,,277,744,,,,,5,3,,,,,37,,,850,,,,,,,,,,0,,,349,,,,,,,,,1230,,,,,,,,,,,,,,,,40,,,278,,,,,,,,,560,,,,,,,,,,59,,,,,,,,,,,,,,,,,,1849,,,1495,,,,0,,,,,8822,,,,,1696,476,,,,,394,,,,,,,,,0,,,3805,,5694,,,,,,,,,,,
"GEO",,,,,,,,,,11273,,190,1340,26490,,,,,5025,63,,,,,1,,,,10,,,96,,,,,,595,,,,,1679,,,,,,,,3,,,,,5254,351,,,64,,,,,,,,,794,,,,,,10,2591,,,,,,6065,,,34054,,,,,,,,,,,,97,5,,,,,174,,7128,929,,,,1674,,,,2429,,1044,,,,,,523,,,,,,,12,,,,,,,,,,,,,,,,,,75,,,,,,,,,59,,,,21,,,,,149,454,,,,596,,0,292371,,,,,,,,,,,,15,,,,,68,5,,,,,3132,,,,,167,225,,353,,,,,,,,2574,,,,,36466,,815,,7954,,,,,3,,,,,,
"DEU",,,222,,212,,,35,4056,243,,59472,69823,134,126,,,,35,37535,33,,132,12,879,,246,354,9862,21,,828,,,29,36,150,80120,85,,,,4021,,1302,,1151,,100,,537,,10032,118,,721,5890,,,15275,,8,2359,1098,3706,129,,,618,,,,12,,2721,94115,,271,29,,259,,,,50099,47,,120,,284,,,,458,,138,12756,518,864,,,,5449,,10757,56970,,2565,733,,,,,1644,,2245,154,,258,3392,757,990,4011,,,,103,,334,,,,57,,3374,,,61,,,495,,,3973,,,47934,,4995,165,,,,16,,6924,,,,386,,1033,1282,831,39612,12820,409,,829,521,,1350,72930,,,,22,,,31,,,,361,8524,30,34,,,2194,5807,,,15330,,89215,152,,,,19032,141271,,76,1843,,50,,,69,509,125002,432,,,107,609,,109499,519,338451,,665,4206,,2169,,,,,118,
"GHA",,,,,,,,13,,,,1564,1108,,36,,,,,2546,,3507,49,,6,,,,21,,,3,9752,,33,,,9114,,,,,8,,,,,,,,1,38458,,,,28,57,,,764,,,,13,156,,,,,,,,1,,438,2589,,,3068,,,12112,,,364,,,,,,,,,,,,70,14,,,,,286,,,23800,,809,35,,,,,,,,,57,4714,400,,,,,,,,5185,10,,,90,,,,,,,,,,,,87,,,6292,,,,638,104666,,,,620,,,,,,,,8,28,91,,,,,,0,200,,,,12,,,,,,,1157,19,,827,,,11,10,,,2463,,8504,,,,,851,1091,,,,,15316,,,,,122,,,,0,,,33484,,57323,,,,,23,,,,,120,
"GIB",,,,,,,,,8,,,243,,,,,,,,,,,,,0,,,,,,,1,,,,,,151,,,,,2,,,,,,,,0,,,,,3,,,,,,,,,5,,,,,,,,,,,13,,,,,,,,,4,,,,,,,,,,,,,,,,,,24,,,,,,,,,,,,,,,,,,,,,,,,,,,,,,,,,,,,,,,,,,,,19,,,,,,,,,,,,,,,,,,,,,,,,,,,,,,,,,,,,,,,,,,,,,,,23,,,,,,,3,,,,,,,,,,,,,,,,,,4255,,,,,,,,,,,,,
"GRC",,18868,,,,,,,759,584,,64538,1987,,46,,,,36,7752,,,61,,10,,,,1275,,,1937,,,,,128,33979,,,,,143,,,,70,,,,12,,67,,,8667,436,,,876,,,59,28,491,,,,,,,,,,448,5583,,,,,79,137892,,,,,,,,,,,,,,,545,10,,,,,303,,1133,6764,,,47,,,,,,,14,,,,1263,37,23,541,,,,,,31,,,,,,179,,,,,,,,,,,,5128,,,,,,,88,,469,,,,191,,,36,115,1694,83,,,,56,,2512,1078,,,,,,,,,,,,473,,,,,184,28,,,2708,,1311,25,,,,6430,3788,,,,,,,,,,25288,,,,16,,,18017,,82653,,,,,477,,,,,,
"GRL",,,,,,,,,5,,,,,,,,,,,,,,,,,,,,,,,3,,,,,,,,,,,3,,,,,,,,3,,,26,,,,,,5719,,,,,,,,,,,,,53,,,0,,,,,,,,,3,,,,,150,,,,,,,,25,,,,,2,,,,,,,,,,,,,0,,,,,,,,,,,,,,,,,,,,,,,,,,,,,,,,,,,,,,,,84,,,,,,,,,,,,,,,,,,,,,,,,,,,,,,,,,,,,,,,,,,,,,,,,,,,,,,,,,,,,,,,14,,,,,,,,,,,,,
"GRD",,,,,,,,95,0,,63,67,5,,13,,,186,,,,,,,1,4,,,11,,,,,,,,,4051,10,,,,2,,,,,,,,3,,,30,,,1,,,6,,,,,,,,,,,,,,,,,,,,,,,,,1,,,,,,,,74,,,,3,,,,,,10,,,3,105,,,,,,,,,,,,,,,,,,,,,,,,,,,,,,,,,,,,,,,,16,,,,,,,,,,,,,6,,,,,,,,,,,,,,,,27,93,,179,,,,,,,,,,,,,,,,,276,,,,,35,17,,,,,,,,5345,,,,,,,,,4062,,13762,278,,,,63,,,,,,
"GLP",,,,,,,,32,,,,10,,,,,,,,,,,,,,102,,,,,,,,,,,,237,,,,,3,,,,,,,,,,,,,,,,,0,,10,56,,,,,,,,,,,,,,1121,,,,,,,,5,,,,,,,,,,,,,,,,,,,,,,,,,,,,,,,,,,,,,,,,,,,,,,1703,,,,,,,,,,,,,,,,,,,,,,,,,,,,,,,,,,,,,,,,,,,,,,7,,,,,,,,,,,,460,,,,,,,,,,,,,,,,,,,,,,,21,,,,,,,,,,,,,,,,,,,,
"GUM",,,,,,,,,,,,40,1,,,,,,,,,,,,,,,,,,,,,,,,,,,,,,4,,,,,,,,2,,,,,,,,,,,,,,,,,,,,,,,,,,,,,,,,,,1,,,,,,,,,,,,,,,,,,,,,,,,,,,,,,,,,,,,,,,,,,,,,,,,,,,23,,,,,,,,,,,,,,,,,,,624,,,,140,,,,,398,,,,,,,,,,,,,,,,,,,,,,,,,,,,,,,,,,,,,,,,,,,,,,,,0,,,,,,,,,,,,,,,,,,,,
"GTM",,,,,,,,,71,,,162,148,,9,,,,,245,8763,,,,68,,,,135,,,1,,,,,,7168,,,,,161,,,,167,,,,679,,,22,,0,8,,,86,,,313,105,4,3417,,,,,,,,,30,1472,,,,,,534,,,6,,,,,,,,,,,1682,7,17,,,,,74,,,476,139,,,,,,,,,0,,,,,,,,,,,,,,,,,,,15299,,,,,,,,,,,,281,,,802,,,,,,183,,,,523,,,68,92,,11,267,,,,,,,,,,3,,,,,,,,,,,,,,0,,,35,,1439,,,,,367,346,,,,,,,,,,,,,,,,,269,,329093,,,,,201,,,,,,
"GIN",,,,,,95,,,0,,,126,185,,,,,,,1162,,,,,3,,,,16,,,6,,,121,,2222,1362,,,,,2,,,,,,,,,79811,,,,0,33,,,39,,,,,114,,,,,,,,,,26,11600,,,2084,22113,,2041,71,,92,,,,,,,2580,,,,,30,6,,,,,35,,,1756,,,,,,,,,,,,,15913,,,,,,,,,8075,,,,1412,,,,,,,,,339,,,34,,,2158,,,,,,,,,44,,,,,,,,,28,1289,,,,,,1,192,,,,,,,,,,,27027,,,31348,,,,5,,,28,,5618,,,,,109,647,,,,,1164,,,,,,,,,,,,653,,4999,,,,,,,,453,,,
"GNB",,,,,,,,,,,,10,47,,,,,,,72,,,,,,,,,311,,,2,,,1680,,,38,,,,,3,,,,,,,,,207,,,,,11,,,31,,,,,80,,,,,,,,,,4,1616,,,,5650,,,,,1,,,,,,2395,,,,,,7,,,,,,1,,,338,,,,,,,,,,,,,622,251,,,,,,,,,,,,521,,,,,,,,,,,,,,,138,,,,,,,,,8,,,,,,,,,,14706,,,,,,,136,,,,,,,,,,,11703,,,3,,,,1,,,6,,3641,,,,,60,171,,,,,36,,,,,,,,,,,,624,,,,,,,,,,323,,,
"GUY",,,,,,,192,2552,,,145,267,3,,431,,,2089,,23,,,44,,4,636,,,867,661,,2,,,,,,38135,133,,,,14,,,,10,,,,8,,,,,,3,,,30,,73,27,,,,,,,,,,,,7,2074,1366,,,,,,,,4,,49,74,,,,,,,,,3,6,,,,,15,,,8,,,,,,,,,,,,,,,,,,,,,,,,,,,,,,,,,,130,,,,,,,841,,,,,,,,,30,,,,22,,,,,13,,41,,,,,,,,,368,873,,107,,,,,,,,,,423,,,,,14,,34,,,,5201,42,39,,,,,,,,2291,,,,,,,,,8173,,113527,,,,,3627,,,,,,
"HTI",,,,,,,,14,45,,446,45,21,,13224,,,8,,811,22,,780,,5,1866,,,13,,,3,,,,,,30199,12,,,,38,,,,67,,,,20,,,486,,0,4,,,86,,525,170525,34,,,,,,,,,,,5,30040,6582,,,,,396,,,15,,,5600,,6,,,,,,27,,1,,,,,2,,,159,,,,,,,,,,,,,,,,,,,,,,,,,1009,,,,384,,,,,,,,,,,,492,,,10,,,,,,15,,,,174,,,17,,,,142,,,,,,,,,,15,,,,,,,,,,,,759,,0,,,,,186,8,,,,64,525,,,,,,,,,,,,2817,,,,,95,,248351,273,,,,996,,,,,,
"VAT",,,,,,,,,,,,,,,,,,,,,,,,,,,,,,,,,,,,,,,,,,,1,,,,,,,,,,,,,,,,,,,,,,,,,,,,,,,,,,,,,,,,,,1,,,,,,,,,,,,,,,,,,,,,53,,,,,,,,,,,,,,,,,,,,,,,,,,,,,,,,,,,,,,,,,,,,,,,,,,,,,,,,,,,,,,,,,,,,,,,,,,,,,,,,,,,,,,,,,,,,,,,0,,,,,,,,,,,,,,,,,,,,,,,,,,,,,,,
"HND",,,,,,,,4,49,,,128,31,,19,,,,,41,3219,,,,96,,,,90,,,1,,,,,,2539,477,,,,152,,,,142,,,,841,,,,,3,3,,,33,,,230,106,,4283,,,,,,,,,10,158,,,,,,309,,,10,,,,,2636,,,,,,,5,13,,,,,5,,,372,73,,,,,,,,,,,,,,,,,,,,,,,,,,,,2968,,,,,,,,,,,,119,,,5189,,,,,,34,,,,483,,,54,,,,161,,,,,,,,,,,,,,,,,,,,,,,,0,,,,,2814,,,,,135,157,,,,,,,,,,,,,,,,,185,,167426,,,,,124,,,,,,
"HUN",,,,,,,,,559,,,12559,11728,,,,,,128,1743,,,,,15,,49,,1008,,,102,,,,,,21266,,,,,235,,,,67,,,,20,,293,19,,87,1059,,,1110,,,25,43,50,,,,42,,,,,,652,4628,,,,,20,64415,,,602,,,,,,,,,,,,,57,,,,,3120,,6146,1944,,,512,,,,,,,125,100,,,149,13,66,137,,,,,,7,,,,,,132,,,3,,,,,,,,,2274,,582,,,,,31,,817,,,,20,,,27,81,609,105,,,,102,,2296,8962,,,,,,,,,,,,617,,,,,5375,125,,,,,1181,,,,,6757,6210,,,,,,,,,,202,,,,0,,,14910,,42719,,,,,467,,,,,,
"ISL",,,,,,,,,1,,,352,66,,,,,,,68,,,,,2,,,,160,,,62,,,,,,291,,,,,9,,,,,,,,0,,,,,4,12,,,3568,,,,,,,,,,,,,137,,75,184,,,,,,753,,,16,89,,,,,,,,,,,50,,,,,,24,,,68,,,,,,,,,,20,,,,,1,18,115,,,,,,,,,,,,,,,,,,,,,,,,192,,,,,,,,,1785,,,,,,,10,37,135,15,,,,,,,25,,,,,,,,,,,,,,,,,15,4,,,14,,322,,,,,1969,146,,,,,,,,,,19,,,,,,,746,,2655,,,,,,,,,,,
"IND",,,,,,,,34,68,,157,82342,6162,,222,117730,14951,242,39,6464,161,,209,29215,65,16,,2240,510,16,2494,109,,,,110,,209794,233,,,,534,4345,7967,,54,,,,16,,21,,,1058,407,142,,2988,,12,129,76,701,7,,34,61,,,,20,617,1615,20919,,31,,,18,29365,426,,7406,,,75,,,,,,,,,605,96,,3944,,126,7227,,8770,53525,738,9665,7913,,,,353914,,,73,1638,122,443,3043,7,,75,723,1328,60251,8124,,168,,,,4312,,400,,,38,,,,1208,15488,457,,151833,6207,,20118,11,,,,,,2749,311991,1081490,,1766,140,,108,2216,397,4110,40,157924,1886,,,0,4677,,,,99,,,,,,846607,,130,2874,304,47985,400,345,33,,,11702,,12304,13375,,1234,,6211,7787,,394,4651,,,,106,370,,309,,,,2200,3206,978024,271942,4111,746307,,,,,124,695,,,,2040,
"IDN",,,848,,,,,,10,,,27806,314,,8,4975,66627,,,840,,,,,6,105,,,168,,1148,7,,,,126,,5782,,,,,68,12451,16575,,37,,,,6,,5,,,12,43,285,,372,,,,19,1943,,,,,,,,,,82,1427,,10,,,,6152,,,96,,,,,15,,,,,,,74,38,381,,,,60,,,492,,10695,2408,,,,15455,,,2,676,,,8864,,,,,,519990,,,9,,,,,,57,,,,,,,,,35,,,69989,694,2142,,,,,,,381,3298,239,,78,4671,,14,1956,63,54,,43548,15988,,,,148,,,,,,,,,,567849,,20,155,,31219,17,11,7,56,,342,,421,53,,,,922,1154,,,294,2603,,,,,,59,,,,,,43878,2741,,43339,,,,,23,3594,,,,,
"IRN",,,,,,,,,111,3471,,14182,6811,1072,,,,,39,2451,,,,,29,,,,140,,,162,,,,,,47899,7,,,,87,,,,66,,,,40,,13,,,486,150,,,7125,,,50,68,78,10,,,,,,,,,1799,10849,,,,,63,62264,,,1129,,,,,9,,,,,,,1061,18,882,,,8077,355,,24796,6588,,2080,94,,,,,,,27,,,,249,,47,96,,,,,,11,,,,,,175,,,,,,,,,19,0,,13552,,1297,,,,,,,6548,,1319,,50,,,34,352,134,108,,,,,,788,1465,,,,,,,,,,,,61,,,,,168,19,,,198,,2560,32,,,,29045,3920,,644,9,,,,,,,8760,882,,,,1817,,34449,,179899,,,,,68,,,,0,,
"IRQ",,,2978,,,,,,24,117,,20027,2674,,,,,,,1100,,,,,5,,,,162,,,395,,,,,,18569,,,,,29,,,,16,,,,4,,32,,,140,211,,,9960,,,13,16,4691,,,,,,,,,,3098,2858,,,,,,48646,,,3910,,,,,,,,,,,,477,19,271,,56154,,338,,33773,1945,,,139442,,,,,,,5,44015,,,37815,,,,,,212,,,37,,,48,,,37,,,,,,589,,,,,,21413,,2796,,,,,,,9090,1761,151,,,,,13,19,336,31,,,,,,750,770,,,,,,,,,,2920,,121,,0,,,46,35,,,68,,1101,10,,,,39466,3734,172062,35,27,,,,,,5,5102,,,,,,,30939,,61194,,,,,49,,,,3653,,
"IRL",,,,,,,,,54,,,29063,426,,36,,,,7,1259,,,59,,37,,,197,154,,,4,,,,,,13219,112,5,,1295,103,,364,,64,,,,8,,15,,,165,200,,,787,,,26,58,34,7,,,,,,,,,233,3833,,,,,,6357,,,162,,,,,,,,,,,,350,42,,,,,,770,,1168,,456,46,,,,,,,201,,,,,4,429,432,,,,,,84,,,,13,,147,,,3,,,,,,30,,,2119,,3198,16,,,,,,258,,,,36,22,,91,102,1995,508,,,,,,114,95,,,,11,,,,,,,,29,,,,,299,4,,,2935,,4582,,,,,948,1398,,,,,,,,,,249,,,,,,,202881,,58591,,,,,32,,,,,,
"IMN",,,,,,,,,,,,395,,,,,,,,,,,,,1,,,,,,,,,,,,,,,,,,,,,,,,,,,,,,,,,,,,,,,,,,,,,,,,,,,2,,,,,,,,,5,,,,,,,,,,,,,,,,,,,,,,,,,,,,,,,,,,,,,,,,,,,,,,,,,,,,,,,,,,,,,,,,,,,,,,,,,,,,,,,,,,,,,,,,,,,,,,,,,,,,,,,,,,,,,,,,,,,,,,,,,,,,,,,,,,,,,,3772,,,,,,,,,,,,,
"ISR",,,,,,,,,430,,,4950,1121,,,,,,179,1996,,,25,,100,,,,1148,,,154,,,,,,10103,2,,,,460,,,,263,,,,54,,19,,,137,187,,,999,,,111,159,377,25,,,,,,,,,398,4256,,,5,,19,6630,21,,390,,,,,62,,,,,,43,831,17,,,,,146,,,1895,,,1945,,,,,,,49,439,,,,,16,19,,,,,,9,,,,,,726,,,,,,,,,63,,,3025,,,,,,,,,371,,,,494,,,264,219,243,178,37,,,55,,646,1743,,,,,,,,,,,,58,,,,,88,18,,,1290,,1396,17,33428,,,1233,1634,,,,,,,,,,1327,,,,,2010,,7242,,64908,,,,,321,,,,,,
"ITA",,5950,239,,185,,,32,78151,,,115075,11522,,77,,,,20,68144,,,41,7,620,55,53,204,26203,,,518,,,195,13,292,135688,74,46,,,3067,,363,,1515,,,,658,,1172,119,,152,1223,,,2843,,,4277,1132,1969,165,,,,,,,,,995,180965,60,127,,,11,251850,116,,2545,,,135,,188,,,,743,,142,2021,97,,,,,3537,,2267,,,1173,290,,,,,,,128,,,77,3387,717,138,7532,,,,167,,742,,36,30,62,,3201,,2510,6,,,651,,,383,,,11680,236,714,127,,,,14,,1013,,,,554,,581,1586,416,3880,1390,154,,,146,,4333,849,,,,7,,,,2147,,,,1080,44,,,,1434,1783,,,6880,,29544,1288,,,,4419,114787,,,436,,,,,,794,1508,,,,325,,,58866,310,196328,,4198,,,30862,,,,,,
"JAM",,,,,,,226,1176,18,,231,518,69,,1715,,,287,,120,251,,235,,2,634,,,77,166,,2,,,,,,53785,3839,,,,20,,,,31,,,,47,,,97,,4,4,,,70,,31,216,9,,6,,,,,,,,,27,274,,,,,,678,,,19,,54,,,,,,113,,,16,17,4,,,,,50,,,97,,,,,,,,,,0,,,,,,,,,,,,,,,,,,,59,,,,,,,,,,,,326,,,12,,,,,,51,,,,252,,,,,,14,35,,,,,,,,,62,110,,62,,,,,,,,,,487,,5,,,42,,79,,,,,131,284,,,,,,,,420,,,,,,,,,63763,,271699,163,,,,50,,,,,,
"JPN",,,,,,,,8,2052,,,11413,689,,9,,6112,,,1977,,,241,64,752,127,,,30950,,117,46,,,1,121,,11218,15,,,,684,3425,6645,,336,,,,82,,7,,,22,385,98,,503,,,491,212,538,31,,,,,,,,,379,5904,,12,10,,,12239,29,,143,,,,1124,66,25,,,102,,54,574,23,324,6829,,,233,,,2303,,,126,,,,,,,5,,,,524,,11,102,,,6955,52,,5,,,,3,,1719,29,,126,,,,,,44,,,2804,,4444,23,,,,,428,345,,,89,185,211,1116,1456,3019,154,132,67,,4429,,,15,428,,,,3,,,48,,,,,17,,2,,,37,16,47,,441,,2188,192,,,,915,1952,,,5344,,,,45,,,842,,,,118,,,12812,,178307,,,,,240,538,,,,78,
"JOR",,,973,,,,,,73,,,2354,403,,,4910,,,28,371,,,,,12,,,,377,,,114,,,,,,3835,,,,,77,,,,123,,,,4,,30,,,182,88,,,617,,,,28,2549,,,,,,,,,,131,689,,,,,,6963,,,619,,,,,,,,,,,15,249,5,,3592,,6695,77,,,2093,,,,,,,14830,,,6,328,,,11779,,,,,,,,,19,,,,,,36,,,,,,,,,,,,541,,,14,,,,,,84,5396,,,63,,,25,30,131,14,73,8856,,,,682,740,,,,,,,,,,80731,,81,,,,,34,50,,,19,,1504,62,23380,,,869,319,,,,,,,,,,546,,,,,3792,41156,2556,,35923,,,,,144,,,,,,
"KAZ",,,,,,,,,,180,,252,325,1588,,,,,34514,144,,,,,5,,,,0,,,220,,,,,,2993,,,,,6,,,,,,,,0,,7,,,58,1420,,,30,,,4,,103,,,,1741,,,,,,46,703,,,,,886,315482,,,12064,,,,,,,,,,,,213,1,89,,,,149,,5076,344,,,14,,,,,7778,,3711,,,,526,,3157,,,,,,,,,,,,,,,,189,,,,,,,,,43,,,,,,,,,96,,,,,,,,,1848,258,,,651,2631,,0,1204356,,,,,,,,,,,,20,,,,,77,1,,,,,186,,,,,224,743,,410,,,,,,,,2094,10004,,,,104305,,1017,,5594,,,7782,,,,,,,,
"KEN",,,,,,,,,1,,,5627,249,,5,,,,,310,,,,,4,,,204,1,,,4,,283,,,,10448,10,,,,17,,,,,36,,,4,,,,,28,36,,,529,,,,,82,,,157,,,,,2,,282,568,,,,,,2554,10,,163,,,,,,,,,,,,40,11,1287,,,,259,,,907,,,,,,,,,,0,,,,180,,,,,,,,,16,,,,,,23,,,,,,,9316,,580,,,945,,701,,,,,,,493,,,,,,,,103,32,59,,,,,,,251,1519,,,,,,,,,,,,113,0,,,8,8,,,4076,,302,,,3026,,686,1143,,,,,,,,,,105,,,,15703,,,61326,12415,33996,,,,,,,,,,233,
"KIR",,,,,,,,,,,,192,,,,,,,,,,,,,,,,,27,,,2,,,,,,,,,,,,,,,,,,,,,,,,,0,,,0,,,,,,,,,,,,,,370,,9,,,,,,,,,,,,,,,,,,,,,,,,,,,0,,,1,,,,,,,,,,,,,,,,,,,,,,,,128,,,,,,,,,,,,,,,449,,,,382,,,,,,,,,,,,,,,,,,,,,,,,,,,,,,,6,,,,,,,,,,,,293,,,,,,,,,2,,,,,,,,,,,,,,13,,,,66,,,,,,,,,,,,,
"KWT",,,631,,,,,,,,,1709,126,,,2180,,,,78,,,,,3,,,,0,,,56,,,,,,5527,,,,,9,,,,13,,,,,,,,,86,46,,,661,,,,,1672,,,,,,,,,,58,357,,,,,,,,,84,,,,,,,,,,,,97,2,3331,,,247,146,,,193,,,982,,,,,,,2,225,,,6908,,,,,,,,,14,,,15,,,,,,,,,,,,,,,783,,,,,,,,,118,183,,,,,,,25,114,,,3818,,,,,93,,,,,,,,,,,,42,,,,,37,3,,,36,,230,401,7953,,,590,196,,,,,,,,,,176,,,,,,18142,4983,,11045,,,,,37,,,,,,
"KGZ",,,,,,,,,,,,99,172,1327,,,,,2590,42,,,,,1,,,,,,,25,,,,,,522,,,,,2,,,,,,,,,,,,,7,196,,,5,,,,,43,,,,257,,,,,,8,135,,,,,75,24244,,,170,,,,,,,,,,,,24,0,,,,,18,,898,117,,,,2588,,,,,,500,,,,,,277,,,,,,,,,,,,,,,,,,,,,,,,,21,,,,,,,,,11,,,,,,,,,60,,,,375,,,,256976,,,,,,,,,,,,,,,,,8,1,,,8,,63,,,,,94,134,,5875,,,,,,,,938,,,,,12792,,187,,1797,,,2248,,,,,,,,
"LAO",,,,,,,,,225,,,5187,43,,,,38815,,,511,,,,,4,,,,2,,,0,,,,225,,6698,,,,,1,,,,,,,,1,,,,,0,9,,,15,,,,,,,,,,,,,,,2,20696,409,,,,,1063,,,11,,,,,,,,,,,,22,,,,,,18,,,97,,,,,,,,,,,,,,,7,,,,,,,,,,,,,,,,,2,,,,,,,,,61,339,,,,,,,,20,,,,,,,,223,,,,,,,,,77,,,,,,,,,,,,,,,,,,,,,10,,89,,,,,190,398,,,237953,,,,,,,,,,,,,,203,,104508,,,,,,2742,,,,,
"LVA",,,,,,,,,68,,,2870,196,,,,,,3075,84,,,,,0,,,,15,,,23,,,,,,3220,,,,,19,,,,7,,,,0,,3,,,29,57,,,690,,,,,,,,,1808,,,,,,286,848,,,,,66,8100,,,40,,,,,,,,,,,,30,178,,,,,8472,,2594,356,,,,475,,,,574,,,,,,,,3865,23,,,,,,12,,,,,,10,,,,,,,,,,,,147,,,,,,,,,186,,,,,,,,,752,51,,,,,,,45868,,,,,,,,,,,,,,,,,37,0,,,156,,560,,,,,991,345,,,,,,,,,,20,,,,,10185,,13832,,10672,,,,,61,,,,,,
"LBN",,,397,,,,,24,579,387,,44530,858,,,1226,,,64,2224,30,,,,29,642,,,8894,14,,384,,,,,,36911,,,,,185,,,,630,,252,,29,,25,22,,979,181,,,6863,,18,317,142,1256,,,,,,,,,,257,23989,,,986,,4,34393,491,,1263,,,103,,15,,,,,,,222,17,,,,779,93,,2308,3497,,,1647,,,,2939,,,40,,,1297,5624,,76,11,,,,5,,29,,,62,,,709,,,,,,464,,,29,,,1878,,,,,,,,,798,,,,232,,,35,59,292,40,15,2364,,,,840,959,,,,2,,,,,,51156,592,27,,460,,93,66,17,,,273,,1826,169,1188,,,11805,3105,,,,,,,,,,530,,,,,1742,10255,7006,,63415,,,,,4157,,,,,,
"LSO",,,,,,,,,,,,45,0,,,,,,,3,,,,,0,,,981,,,,,,,,,,43,,,,,10,,,,,,,,,,,,,,3,,,13,,,,,,,,,,30,,,,,0,33,,,,,,,,,0,,,,,,,,,,,,4,,,,,,22,,,10,,,,,,,,,,,,,,,,,,,,,,,,,,,,,,,,,,,,2684,,63,,,43,,,,,,,,,,,,,,,,,,,,,,,,,,,,,,,,,,,,,,,,,,,,0,,,81104,,,,,,,5,27,,,,,,,,,,,,,,,,,206,93,,,,,,,,,,,,
"LBR",,,,,,,,,,,,675,178,,,,,,,350,,,,,1,,,,,,,2,,,,,2045,717,,,,,5,,,,,,,,,10954,,,,,4,,,63,,,,,25,,,,,15,,,,,51,362,,,,513,,1795,27205,,15,,,,,,44397,554,,,,,20,0,,,,,74,,,880,,,,,,,,,,,,,,,,,,,,,,1127,,,,,,,,,,,,,,,,,,,1575,,,,,9668,,,,405,,,,,,,,,,27,,,,,,,,,,,,,,,,,,297,,,38163,,,,0,,,154,,911,,,,,361,194,,,0,,56,,,,,,,,,,,,1348,,27099,,,,,,,,,,,
"LBY",,,1000,,,,,,49,,,842,212,,,,,,,187,,,,,2,,,,,,,79,,,,,,2096,,,404,,22,,,,,,,,2,3474,39,,,86,77,,,123,,,,,2480,,,,,,,,,,71,995,,,,,,2051,,,363,,,,,,,,,,,,174,1,,1812,,,308,,8298,9544,,,1070,,,,,,,2,232,,,,,,,,,,,,505,,,78,,,,,,,,,404,,,18,,,398,,,,84,,,,,145,,,,19,,,,23,177,16,,,,,,,182,,,,,,,,,,,,225,,,,,31,19,,,73,,451,12,,1379,,430,497,,,,,,,,,885,1653,,,,0,,,6718,,3132,,,,,84,,,,,,
"LIE",,,,,,,,,78,,,10,114,,,,,,,2,,,,,1,,,,,,,2,,,,,,,,,,,2,,,,,,,,1,,,,,,1,,,6,,,,,,,,,,,,,,,0,19,,,,,,83,,,3,,,,,,,,,,,,2,,,,,,2,,,39,,,,,,,,,,0,,,,,,,,,,,,,,,,,,,,,,,,,,,,,,,,,,,,,,,,4,,,,,,,,,,99,,,,,,,,,,,,,,,,,,,,,,,,,7,,,,,35,,,,,0,793,,,,,,,,,,,,,,,,,7,,,,,,,,,,,,,
"LTU",,,,,,,,,227,,,1516,240,,,,,,4575,146,,,,,2,,,,,,,11,,,,,,2874,,,,,11,,,,18,,,,3,,4,,,11,131,,,1469,,,,,,,,,869,,,,3,,156,796,,,,,45,10204,,,59,,,,,,,,,,,,53,425,,,,,15299,,3166,701,,,,1944,,,,1635,,10126,,,,,,,68,,,,,,8,,,,,,24,,,,,,,,,,,,234,,,,,,,,,413,,,,24,,,,,25488,119,,,,,,0,38309,,,,,,,,,,,,7,,,,,33,2,,,95,,5855,,,,,912,287,,,,,,,,,,96,,,,,12755,,23860,,14471,,,,,62,,,,,,
"LUX",,,,,,,,,42,,,79,316,,,,,,,6625,,,,,4,,,,,,,3,,,2,,,233,,,,,11,,,,10,,,,2,,8,,,1,9,,,171,,,,,,,,,,,,,,,27,5373,,,,,,6015,,,54,,,,,,,,,,,,63,46,,,,,64,,,1202,,,,,,,,,,4,,,,,3,,,,,,,,,,,,,,,,,,,,,,,20,,,397,,,,,,,,,64,,,,,,,7,,70,1820,,,,,,17,35,,,,,,,,,,,,58,,,,,17,12,,,4,,561,,,,,74,896,,,,,,,,,,19,,,,,,,691,,1239,,,,,,,,,,,
"MDG",,,,,,,,,2,,,105,16,,,,,,,341,,,,,1,,,209,,,,2,,,,,,1247,,,,,8,,,,,4688,,,0,,,,,3,13,,,16,,,,,34,,,,,,,,,,2,45345,,,,,,351,,,59,,,,,,,,,,,,11,1,,,,,5,,,454,,,,,,,,,,0,,,,,,,,,,,,,,,,,691,2308,,,,,,,,,,,,,58,,,,,,,,,202,,,,,,,,,,19,,,,,6769,,67,,,,,,,,,,,,,305,,,,,0,,,100,,123,,,,,26,548,,,,,,,,,,,,,,,,,285,,,,,,,,,,,,,
"MWI",,,,,,,,,,,,370,16,,,,,,,30,,,,,1,,,896,,,,,,,,,,306,,,,,2,,,,,,,,,,,,,3,2,,,30,,,,,21,,,291,,,,,,,5,68,,,,,,,,,,,,,,,,,,,,,,1,,,,,49,,,48,,,,,,,,,,0,,22,,,,,,,,,,,,,,,,,,,,,,,,24550,,204,,,124,,,,,,,,,27,,,,,,,,,,125,,,,,,,11,,,,,,,,,,,,,,,,,,0,,,27305,,18,,,,,26,45,,,,,,,,,,,,,,5,,,6480,3822,,,,,,,,,,,5954,58125
"MYS",,,484,,,,,,0,,,46997,178,,,,102836,,,214,,,13,,3,,,,,,25742,1,,,,207,,10027,13,,,,21,2946,6667,,,,,,2,,,,,10,84,84,,237,,,7,10,1665,,,,,,,,,,145,1023,,,,,,2016,,,26,,,,,,,,,,,,45,10,3772,1154,,,1783,,,185,,3594,293,,,,,,,7,,,,5191,,,8,,,,35,,9,,,,21,,29,,,,,,,,,,,,1438,,6753,,,,,,,152,,,,15,53,,19,139,11,17,,,334,,,,591,,,,6,,,,,,,,,,,346501,,,2,90,,121,,174,181,,,,542,848,,,821,92,,,,,,138,,,,,,,24123,,30394,,,,,16,75,,,,,
"MDV",,,,,,,,,,,,108,5,,,,,,,2,,,,,,,,,,,,1,,,,,,,,,,,1,,,,,,,,0,,,,,,1,,,1,,,,,18,,,,,,,,,,1,4,,,,,,,,,2,,,,,,,,,,,,,,121,,,,0,,,18,,,,,,,,,,,,,,,,,,,,,,,,,,,,,,,,,,,,,,,,,,,,,,,,,,,,,,,,,,,,,,,,,,,44,,,,,,,,,,,,,10,,,,,0,,,21,,,317,,,,8,39,,,,,,,,,,,,,,,,,133,,,,,,,,,,,,,
"MLI",,,,,,,,,,,,20,56,,,,,,,222,,849,,,0,,,,,,,0,15451,,6,,5760,599,,188,,,60,,,,,,7741,,,257106,,,,,14,,,18,,,,,148,,,,,,,,,,4,34687,,,20098,5536,,671,4082,,15,,,,,,17113,,,,,,16,1,,,,,17,,,1983,,,,,,,,,,2,,,920,211,,,,,,,,,,,,3961,,,,,,,,,,,,,,,75,,,,21497,75762,,,,22,,,,,,,,,27,70,,,,,,0,84,,,,,,,,,,,15727,,,525,,,,1,,,31,,10497,,,605,,42,193,,,,,1788,,,,113,,,,,,,,133,,,,,,,,,,179,,156,
"MLT",,,,,,,,,0,,,26547,37,,,,,,,81,,,,,2,,,,,,,14,,,,,,4037,,,,,15,,,,,,,,,,,,,13,7,,,48,,,13,,,,,,,,,,,,18,186,,,,,,212,,,29,,,,,,,,,,,,15,1,,,,,148,,,351,,,,,,,,,,5,,,,,,,55,,,,,,,,,,,,,,,,,,,,,,,,97,,,,,,,,,28,,,,,,,18,,,16,,,,,,,164,,,,,,,,,,,,29,,,,,10,1,,,60,,67,,,,,54,105,,,,,,,,,,14,,,,,,,13093,,4278,,,,,,,,,,,
"MHL",,,,,,,,,,,,20,,,,,,,,,,,,,,,,,,,,1,,,,,,,,,,,,,,,,,,,,,,,,,0,,,0,,,,,,,,,,,,,,,,,,,,,,,,,0,,,,129,,,,,,,,,,,,,,0,,,,,,,,,,,,,,,,,,,,,,,,,,,,,,,,,54,,,,,,,,,,,,,,,,,,,33,,,,,,,,,,,,,,,,,,,,,,,,,,,,,,,,,,,,,,,,,,,,,,0,,,,,,,,,,,,,,,,,,,,3100,,,,,,,,,,,
"MTQ",,,,,,,,3,,,,15,,,,,,,,,,,,,,102,,,,,,,,,,,,227,,,,,3,,,,,,,,1,,,,,0,,,,0,,71,22,,,,,,,,,,,,,,2337,,,,,,,,,,,3741,,,,,,,,,,,,,,,,,,,,,,,,,,,,,,,,,,,,,,,,,,,,,,,,,,,,,,,,,,,,,,,,,,,,,,,,,,,,,,,,,,,,,,,,,191,,,,,,,,,,,,17,,,,,,,,,,,,,,,,,,,,,,,,,,,,,,,,,,,,,12,,,,,,
"MRT",,,,,,,,,,,,10,24,,,,,,,540,,,,,0,,,,,,,3,,,,,,198,,,,,1,,,,,,802,,,8714,,,,,3,,,13,,,,,100,,,,,,,,,,4,8241,,,,2622,,,10,,59,,,,,,536,274,,,,,4,,,,,138,5,,,395,,,96,,,,,,,,,,,229,,,,,,,,2823,,,,,,,,,,,,,548,,,,,,365,,,,,,,,,10,,,,,,,,,,29,,,,,,,,,,,,,,,,,,28924,,,77,,,,0,,,,,6966,,,,,24,63,,,,,39,,,,212,,,,,0,,,68,,,,,,,,,,311,,,
"MUS",,,,,,,,,,,,9964,42,,,,,,,949,,,,,,,,639,,,,0,,,,,,4709,,,,,3,,,,,,,,,,,,,4,9,,,60,,,,,,,,,,,,,,,17,15757,,,,,,,,,11,,,,,,,,,,,,24,3,130,,,,1167,,,4290,,,,,,,,,,0,,,,,,,13,,,,,,,,,,,,,,,,,,,,,45,,,121,,,,,,,,,69,,,,,,,,,,,,,,,2044,,95,,,,,,,,,,,,,342,,,,,0,,,2405,,95,,,,,50,698,,,,,,,,,,,,,,,,,15936,113,,,,,,,,,,,,
"MYT",,,,,,,,,,,,,,,,,,,,,,,,,,,,,,,,,,,,,,,,,,,1,,,,,,,,,,,,,,,,,,,,,,,,,,,,,,,,,,,,,,,,,,,,,,,,,,,,,,,,,,,,,,,,,,,,,,,,,,,,,,,,,,,,,,,,,,,,,,,,,,,,,,,,,,,,,,,,,,,,,,,,,,,,,,,,3107,,,,,,,,,,,,,,,,,,,,,,,,,,,,,,,,,,,,,,,,,,,,,,,,,,,,,,,,,30,,,,
"MEX",,,,,,,,3,1129,,,862,494,,66,,,,,579,1467,,,,4307,9,,,1075,,,8,,,4,,,29641,18,,,,1294,,,,1178,,,,714,,10,135,,14,87,,,303,,,820,523,21,700,,,,,,,,,189,3799,,,,,,4038,,,81,,,,,7133,,,,112,,557,187,20,,,,,125,,1056,1861,,841,,,,,,,,22,,,,,5,,6,,,,,,,,,,,,,,,,,,,,,,,,799,,,326,,,,,,194,,,,1613,,870,602,51,95,100,1476,,,,,4,94,,,,2,,,,,,,,11,,,,,40,7,,,73,,15602,,,,,733,2023,,,,,,,,,,70,,,,,,,3043,,5782166,,249,,,1530,,,,,,
"FSM",,,,,,,,,0,,,15,0,,,,,,,,,,,,,,,,,,,,,,,,,,,,,,0,,,,,,,,,,,,,,,,,,,,,,,,,,,,,,,,,2,,,,,,,,,,,,,4516,,,,,,,,,,,,,,0,,,,,,,,,,,,,,,,,,,,,,,,,,,102,,,,,,,,,,,,,,,,,,,,,,,,,819,,,,227,,,,,,,,,,,,,,,,,,,,,,,,,,,,,,,,,,,,,71,,,,,0,,,,,,,,,,,,,,,,,,,,3475,,,,,,,,,,,
"MCO",,,,,,,,,1,,,25,9,,,,,,,46,,,,,0,,,,,,,1,,,,,,85,,,,,6,,,,,,,,1,,,,,,2,,,6,,,,,36,,,,,,,,,,3,8309,,,,,,,,,15,,,,,,,,,,,,3,0,,,,,5,,,409,,,,,,,,,,,,,,152,,,,,,,,,,,,,,,,,,,,,,,,,,,21,,,,,,,,,,,,,,,,,,9,,,,,,,,58,,,,,,,,,,,,,,,,,,,,,12,,91,,,,,17,102,,,,,,,,,,,,,,,,,161,,,,,,,,,,,,,
"MNG",,,,,,,,,,,,104,501,,,,,,43,57,,,,,0,,,,,,,17,,,,,,277,,,,,0,,,,,,,,5,,,,,,1097,,,10,,,,,11,,,,23,,,,,,11,299,,,,,7,,,,4,,,,,,,,,,,,308,8,,,,,154,,,44,,,,,,,,,,68,,,,,,36,,,,,,,,,,,,,,,,,,,,,,,,,156,,,,,,,,,13,,,,,,,,,91,,,,5422,41,,,10299,,,,,,,,,,,,,,,,,18,1,,,,,33,,,,,35,149,,,,,,,,,,88,,,,,,,340,,,,,,,,,,,,,
"MNE",,,,,,,,,,,,2064,8365,,,,,,,0,,,,,1,,1902,,,,,12,,,,,,367,,,,,,,,,,,,,,,1438,,,,33,,,536,,,,,,,,,,,,,,,1,584,,,,,,10689,,,,,,,,,,,,,,,21,,,,,,0,,,2111,,,,,,,,,,,,,,,55,,3682,,,,,,,,,,,,,,,,,,,,,,,,,,,,,,,3459,,0,,,,,,,,,80,54,,,,,,,245,,,,,,,,,,,,33040,,,,,18,0,,,,,0,,,,,0,1124,,,,,,,,,,,,,,,,,409,,,,,,,119,,,,,,
"MSR",,,,,,,172,505,,,,,,,,,,,,,,,,,,,,,,71,,,,,,,,292,,,,,1,,,,,,,,1,,,,,,,,,,,60,,,,,,,,,,,,,,13,,,,,,,,,19,,5,,,,,,,,,,,,,,,,1,,,,,,,,,,,,,,,,,,,,,,,,,,,,,,,,,,,,,,,,,,,,,,,,,,,,,,,,,,,,,,,,,,,,,,,,,195,14,,,,,,,,,,,,,,,,,,,,,,,,,,,,,,,,,,,,,,,,,,3297,,2120,332,,,,,,,,,,
"MAR",,,,,290,,,,137,,,944,820,,,298,,,,90180,,,,,5,,,,,,,35,,,,,,20690,,,,,70,,,,39,,,,1,,6,,,22,132,,,2790,,,19,15,247,,,,,,,,,,1003,431782,,,200,,,49783,,656,965,,,,,,,,,,,,114,79,,,,326,228,,76867,202077,,,328,,,,1038,,,6,45,,,2016,,,85,,,,,,38,,,198,,,128,,,,,,,,,,,,90352,378,,,,,,,,2577,,,,36,,,22,,193,1093,,714,,,,6,838,,,,,,,,,,,1644,12,,,,,32,10,,,385,,338967,,,,,3133,6089,,,,,,,,,3240,270,,,,,1303,2487,8320,,21632,,,,,545,,,,,,
"MOZ",,,,,,82,,,0,,,405,23,,,,,,,90,,,,,1,,,378,722,,,12,,,23,,,484,,,,,41,,,,,,,,1,,,,,1,2,,,58,,,,,9,,,396,,6723,,,,,16,530,,,,,,,,,26,,,,,,,,,,,,11,5,,,,,25,,,192,,,,,271,,,,,0,,16,,,,,,,29103,,,,,,,,,,,,,,,,,,,81,,,271,,,,,,,,,39,,,,,,,,,20,35425,,,,,,,68,,,,,,,,,141,,,,,,,,,0,,,229867,,429,,,,,95,491,,,,,,,,,,,,,,14,,,1974,18413,,,,,,24,,,,,410,82953
"MMR",,,,,,,,,14,,,6505,24,,,,109366,,,67,,,,17,0,,,,,,,,,,,54,,2774,,,,,1,,,,,,,,2,,,,,7,18,,,389,,,,,10,,,,,,,,,,272,153,,,,,,824,,,14,,,,,,,,,,,,3,0,29467,,,,42,,,123,,,42,,,,,,122,,,,,,,,,,,96213,,,,,,,,,,,,,,,,,,,,,255,,392,,,,,,,297,,1325,,62,,,,131,,,,,1841,,,,411,,,,,,,,,,88958,,,,,,,,,,,42,,44,,,,,240,91,,,615256,,,,,,,27,,,,,,,4758,,24758,,,,,,5012,,,,,
"NAM",,,,,,283,,,3,,,381,57,,,,,,,8,,,,,,,,535,,,,2,,,,,,276,,,,,4,,,,,,,,,,,,,3,8,,,19,,,,,86,,,,,,,,,,20,45,,,,,,,,,6,,,,,,,,,,,,5,13,,,,,19,,,27,,,,,31,,,,,,,3,,,,,,,,,,,,,,,,,,,,,,,,,,,,,79,,,,,,,,,30,,,,,,,,,,,,,,,,,64,,,,,,,,,,,,,,,,,,0,,,28637,,31,,,,,34,126,,,,,,,,,,,,,,,,,798,338,,,,,,,,,,,137,
"NRU",,,,,,,,,,,,294,0,,,,,,,0,,,,,,,,,,,,2,,,,,,,,,,,6,,,,,,,,,,,,,,0,,,,,,,,,,,,,,,,,,,,,,,,,,,,,,,,,,,,,,,,,0,,,,,,,,1,,,,,,620,,,,,,,,,,,,,,,,,,,,,,,,,,,,,,,,,,,,,,,,,,,,,,,,,,,,,,,,,,,,,,,,,,,,3,,,,,,,,,,,,,,5,,,,,,,1,,,,,,,,,,,,,,1,,,,6,,,,,,,,,,,,,
"NPL",,,,,,,,,,,,2420,291,,,722,13498,,,458,,,,369,1,,,,,,3956,4,,,,36,,2476,,,,,6,,4154,,,,,,3,,,,,32,47,,,553,,,,,,,,,,,,,,,486,485,,,,,17,1611,,,24,,,,,,,,,,,,31,33,284662,,,,111,,,563,,,200,,,,921,,,7,,,,,,,17,,,69589,,,,,,,,,,,,,,,,,,,,,375,,269,,,,,,184,185,,,,,,,,279,25,195,,17821,3838,,,,225,,,,,,,,,,180541,,,74,,,,,7,,,43,,444,111,,,,137,435,,,5483,,,,,,,,,,,,,6074,14837,,14833,,,,,,786,,,,,
"NLD",,,,,137,,,6,326,,2092,47295,3222,,22,97,,,,53906,,,,11,94,3617,,219,2301,,164,142,,,32,30,96,51691,31,20,,,573,,596,,194,,,11,174,,236,,,126,927,,,3270,,3,429,230,433,22,,,,,,,,,728,17589,,,,,4,57596,120,,1130,,,300,,55,,,,,,46,1333,108,,2037,,,2160,,2035,4160,,473,194,,,,344,,,70,,,85,822,30,55,1498,,,,,,180,,,,,,610,,,,,,,,,261,,,,,10260,104,,,,,,2505,413,,,169,,,320,111,1100,1861,23,228,,,,210,255,,,,11,,,,,,,,411,,,,170,276,158,,,6000,,17708,,,,1335,3398,10248,,18,370,,,,,,,10133,,,,92,,813,22199,,44437,,,,,382,,,,,,
"NCL",,,,,,,,,,,,552,,,,,,,,,,,,,1,,,,,,,,,,,,,60,,,,,4,,,,,,,,,,,,,,,,,,,,,,,,,,,,,,,,,,,1063,,,,,,,,,,,,,,,,,,,,,,,,,4,,,,,,,,,,,,,,,,,,,,,,,,,,,,,,,,,,,,,,,,,,,,,,,,,,,,,,,,,,,,,,,,,,,,,,,,,,,,,,,,,,,,,,,,,38,,,,,,,,,,,,,,,,,,,,,,,,,,,60,,,,,,99,,,609,,,,
"NZL",,,,244,,,,5,9,,,216840,187,,8,,,,,160,,,,12,28,6,,,,,114,10,,,,,,5248,35,,,,111,,1317,,23,,,1204,2,,39,,,23,49,,,394,,,,24,54,,,,,9,,42,,289,97,803,,62,,,,1134,,,182,,,,,,,,,,,,82,17,,,,,1095,43,,278,,1396,61,,,28,,,,10,,,,,,,12,,,756,7,,6,,,,,,56,,,,,,,,,30,17,,1809,68,,,,,89,,,184,,,,24,1354,,36,50,45,19,,,916,,,,76,,,,1,,,856,,,,,14,,,1330,,17,,56,,884,,296,26,,,,569,772,,53,896,98,,35,,,,112,,,,,,,27158,,10524,,,,126,7,,,,,,
"NIC",,,,,,,,,71,,42,363,65,,4,,,,,60,,,,,40,,,,264,,,21,,,,,,4184,233,,,,174,,,,218,,,,71223,,,63,,4,8,,,67,,,181,100,,3142,,,,,,,,,30,176,,,,,,421,,,46,,,,,3203,,,,,,2817,9,0,,,,,9,,,257,56,,,,,,,,,0,,,,,,,,,,,,,,,,,,,1546,,,,,,,,,,,,140,,,,,,,,,57,,,,3234,,,55,,,,190,,,,,,41,,,,,,,,,,,,,,,,,,0,,,22,,1256,,,,,214,189,,,,,,,,,,,,,,,,,108,,114767,,,,,882,,,,,,
"NER",,,,,,,,,1,,,5,17,,,,,,,302,,33132,,,0,,,,,,,2,5633,,,,6925,245,27,,962,,8,,,,,,,,,44909,,,,3,4,,,6,,,,,86,,,,,,,,,,9,2263,,,,,,653,4880,,33,,,,,,632,,,,,,7,0,,,,,65,,,459,,,,,,,,,,,,,300,234,,,,,,,,2495,13,,,77,,,,,,,,,,,,,,,309,,,,,53061,,,,19,,,,,,,,,,,,,,,,,21,,,,,,,,,,,731,,,46,,,,0,,,7,,142,,,,,13,101,,11,,,23683,,,,,,,,,,,,76,,,,,,,,,,,,,
"NGA",,,,,,,,16,20,,,1551,4561,,72,427,,,,1393,29,25347,79,,10,,,224,,,,50,2045,,189,,57127,10329,10,,919,,25,,,,35,,,,0,19897,9,,,111,235,,,508,,14,30,23,519,,116,,,,,,,,701,2009,,,9834,,,13038,13134,,1619,,,,,,423,,,,,,669,28,375,,,,8515,,,18166,,1172,33,,,,755,,,10,,,2184,1784,,16,,,,,,3299,69,,,,,,68,,,,,,,1993,,623,,,2971,,,8,9745,,,,,370,,,,17,,,,144,277,138,,671,499,,,1,624,,,,12,,,,,,,520,,30,1433,,,73,10,,,7463,,15238,,,13295,,1082,1853,,,,,14196,,,177,66,242,,,,3,,3590,67665,,87229,,,,,71,,,,,187,
"NIU",,,,,,,,,,,,295,,,,,,,,,,,,,20,,,,,,,,,,,,,,,,,,2,,,,,,,10,,,,,,,,,,,,,,,,,,,,,,,,,,,,,,,,,,,,,,,,,,,,,,,,,,,,,,,,,,,,,,,,,,,,,,,,,,,,,,,,,,,,,,,,,,,,,,,,,,,2252,,,,,,,,,,,,,,,,,,,,,,,,,,,,,,,3,,,,,,,,,,,,,,8,,,,,,,,,,,,,,,,,,,,,,,,,,,,,,,,,,,,,,
"MKD",,326,,,,,,,1025,,,26335,9350,,,,,,,164,,,,,4,,1262,,,,,1052,,,,,,3988,,,,,280,,,,,,,,7,,4954,,,4,919,,,1041,,,11,0,64,,,,,,,,,,,1852,,,,,,12302,,,735,,,,,,,,,,,,77,12,,,,,461,,,33207,,,57,,,,,,,,,,,,183,,150,,,,,,28,,,,,,,,,8,,,,,,,,,34,,,,,,,,,1009,,,,,,,,,149,69,,,,,,334,199,,,,,,,,,,,,20248,,,,,349,5614,,,51,,225,,,,,1742,23940,,,,,,,,,,64857,,,,,,,813,,10625,,,,,,,,,,,
"MNP",,,,,,,,,,,,0,,,,,,,,,,,,,,,,,,,,,,,,,,,,,,,6,,,,,,,,,,,,,,,,,,,,,,,,,,,,,,,,,,,,,,,,,,1,,,,1083,,,,,,,,,,,,,,,,,,,,,,,,,,,,,,,,,,,,,,,,,,,,,,,45,,,,,,,,,,,,,,,,,,,,,,,128,,,,,,,,,,,,,,77,,,,,,,,,,,,,,,,,,,,,12,,,,,,,,,,,,,,,,,,,,,,,,,,,,,,,,,,,,,,
"NOR",,,,,,,,,70,,,2188,294,,6,,6302,,35,636,,,,,20,3,,128,265,,,40,,,,,,2584,,,,,257,,,,33,,,,23,,34,,,45,60,,,7009,,,41,57,60,,,,,,,,79,,638,1298,,,,,,3151,,,151,33,,,,,,,,,,,381,416,,,,,180,,,488,,179,41,,,,,,,83,,,,169,4,348,74,,,,,,18,,,,,,105,,,,,,,,,19,,,1072,,,,,,,,,,,,,22,,,48,503,458,158,,,,,,2,457,,,,,,,,,,,,80,,,,,206,8,,,245,,5757,29,,,,19251,871,,,381,,,,,,,1634,,,,7,,,5780,,12876,,,,,43,,,,,,
"OMN",,,,,,,,,,,,489,13,,,,,,,6,,,,,1,,,,,,,2,,,,,,544,,,,,3,,,,,,,,1,,,,,24,,,,6,,,,,316,,,,,,,,,,1,64,,,,,,,,,2,,,,,,,,,,,,4,,,,,,30,,,19,,,606,,,,,,,,124,,,1095,,,,,,,,,,,,,,,,,,,,,,,,,,,205,,,,,,,,,17,,,,,,,,178,,,,,,,,,31,,,,,,,,,,,,,,,,,,0,,,10,,11,75,4337,,,7,37,,18,,,,,,,,10,,,,,,,1366,,,,,,,,,,,,,
"PAK",20975,,,,,,,0,8,,,9660,2443,,3,35612,,,47,4293,,,16,17,21,,,208,128,,525,29,,,,30,,58437,66,,,,192,2150,4078,,24,,,,5,,,,,321,180,67,,5809,,,113,24,357,,,,,,,,,871,613,10047,,,,,75,24701,41,,20566,,,,,9,,,,,,,131,13,647902,2295,9656,467,4309,,,37285,,4425,3647,,,,120070,,,30,795,122,,1495,,46,,,,9457,61,,35,,,,32,,86,,,15,,,,693,2427,154,,1077,6560,,1027,,,,,,,7960,61607,,,35,,,47,515,124,1036,,42682,4536,,,1,727,,,,4,,,,,,511418,,,10,85,41988,,102,10,,,4352,,27602,259,,,,2892,2179,,55,1304,133,,,,,,646,,,,441,,295159,195270,365,131001,,,,,9,197,,,,,
"PLW",,,,,,,,,,,,,0,,,,,,,0,,,,,,,,,,,,,,,,,,,,,,,2,,,,,,,,,,,,,,0,,,,,,,,,,,,,,,,,,,,,,,,,,,,81,,,,653,,,,,,,,,,,,,,,,,2,,,,,,,,,,0,,,,,,,,,,,,,,,,,,,,157,,,,,,,,,,,,,,,,,,,492,,,,,,,,,438,,,,,,,,,,,,,,,,,,,,,,,,,,,,,,,,,,,,,0,,,,,,,,,,,,,,,,,,,,,,,,,,,,,,,
"PAN",,,,,,,,,139,,,97,18,,11,,,,,46,,,,,48,,,,333,,,5,,,,,,1216,68,,,,386,,,,815,,,,3210,,,17,,10,11,,,28,,,423,247,,180,,,,,,,,,12,150,,,,,,188,,,65,,,,,110,,,,,,163,15,2,,,,,8,,,191,34,,,,,,,,,0,,,,,,,,,,,,,,,,,,,943,,,,,,,,,,,,121,,,196,,,,,,13,,,,,,,145,,15,36,524,,,,,,31,,,,9,,,,,,,,,,,,,,,,,17,,1382,,,,,104,162,,,,,,,,,,,,,,,,,231,,53139,,,,,439,,,,,,
"PNG",,,,,,,,,,,,,24,,,,,,,66,,,,,0,,,,,,,3,,,,,,183,,,,,4,,,,,,,6,,,,,,,1,,,5,,,,,,,,,,,,,,,3,17,,,,,,,,,2,,,,,,,,,,,,0,0,,,,,6,,,7,,,,,,,,,,,,,,,,,,,,,,,,,,,,,,,,,,,,,,,,,59,,582,,,,,,,,,,,,,,,141,,,,,,,,,,,,,,,,20,,,,,,,,,,,,429,,15,,16,,,,,15,117,,,,,,,,,,,,,,,,,480,,,,,,28,,,,,,,
"PRY",,,,,,,,,199442,,,193,76,,,,,,,78,,,,,1788,,,,15867,,,2,,,,,,2960,,,,,873,,,,95,,,,12,,,,,0,16,,,27,,,31,65,,7,,,,,,,,,5,284,,,,,,1099,,,11,,,,,23,,,,,,15,7,2,,,,,11,,,455,,,,,,,,,,1,,,,,,,,,,,,,,,,,,,173,,,,,,,,,,,,61,,,,,,,,,40,,,,26,,,213,,,15,,,,,,0,36,,,,,,,,,,,,,,,,,,,,,32,,6186,,,,,64,327,,,,,,,,,,,,,,,,,260,,7188,,348,,,109,,,,,,
"PER",,,,,,,,,56274,,534,2917,440,,74,,,,,892,,,,,5404,,,,7925,,,10,,,3,,,9954,4,,,,32215,6245,,,2274,,,,974,,23,23,,7,67,198,,281,,,1129,4025,,115,,,,,,,,,138,4113,195,,,,2,4130,,,63,,,,,186,,,,179,,159,94,20,,,,,57,,830,30057,,23472,,,,,,,,6,,,,,,,31,,,,,,6,,,,,,2712,,,,,,,,,,,,933,,,115,,,,,,333,,,,1752,,,,205,85,98,439,,,,,,304,,,,,,,,,,,,19,,,,,26,13,,,61,,45374,,,,,2576,2771,,,,,,,,,,20,,,,,,,1934,,161970,,66,,,22265,,,,,,
"PHL",,,,500,207,,,,30,,455,48256,3672,,278,17725,,,,2245,,,147,12,15,,,,,,5425,3,,,,125,,151734,477,,,,225,27482,6641,2225,37,,,,24,,8,,,228,72,819,,1284,,,55,43,370,10,,,,,,,10,,359,3171,,,,,,8748,16,,1715,2,,,15637,15,,,,,,,41,320,,1363,,,5176,,,43623,,90299,1269,,,,52479,,,1,190,,,1965,2,,34,,,49362,323,,44,220,,,,,223,73,,63,,,,,,94,53,,2023,,7095,,,,,,7822,2064,4218,,1835,835,1196,,187,,27,71,114,42802,13344,,,3,80,,,,14,,,,,,170395,,7,289,,1406,,7,5,88,,331,,9042,,,,,1634,2716,,,518,378,,,,91,,191,,,,,,148170,25387,,628805,,,,,61,50,,,,,
"POL",,,,,,,,,4205,,,29130,22206,,4,,,,219,11497,,,13,,90,,,,2467,,,299,,,,,,75013,,,,,316,,,,126,,,,65,,126,21,,107,7160,,,8647,,,46,78,167,,,,240,,,,50,,996,36152,,,,,47,528338,27,,6230,3,,,,,,,,,,,1163,3259,,,,,52402,,31965,19418,,420,66,,,,,1754,,586,,,,260,12,1491,498,,,,,,36,,,,,,400,,,5,,,,,,60,,,7716,,930,,,,,38,,3392,,,,78,,499,86,21,,226,15,,,117,,170,15137,,,,,,,,3,,,,86,,,,,1992,63,,,2738,,16835,,,,,16698,8362,,19,,,,,,,,1517,,,,,1475,,161023,,221795,,538,,,362,,,,,,
"PRT",,,,,5666,3332,,,3344,,92,9421,785,,8,,,,,11307,,,478,,58,501,,165,90969,,,40,,,510,,,68492,,,,3942,171,,44,1128,58,,294,,23,,18,,,11,53,,,518,,,98,114,19,9,,,,,,,,,171,298974,,,,,,55960,,,99,,,174,,18,206,421,,,,,168,236,82,,,,1069,,,1889,,200,,,,,,,,19,,,,,258,25,28709,,,,,,5,,,,,,236,,,,,,,2315,,265,,,6198,,,,,,,,,412,,,,117,,,71,33,65,,28,,,72,,163,98,,,,,,,,,88,,,24,,,,,77,9,,,13142,,40776,2,,,,1403,85593,,,176,157,,,,,,102,,,,,,,29053,,97180,,305,,,31265,,,,,,
"PRI",,,,,,,,23,51,,,71,2,,,,,,,,,,,,20,32,,,,26,,,,,,,,147,20,,,,127,,,,237,,,,108,,,37,,3,,,,0,,11,3958,128,,32,,,,,,,,,,26,,,,,,,,,5,,,,1056,42,,,,603,,57,,1,,,,,,,,,,,,,,,,,,,,,,,,,,,,,,,,,,,,,883,,,,,,,,,,,,,,,27,,,,,642,7,,,,294,,,54,20,,,,,,,,,,,,,9,,,,,,,,,,,,6,,,,,,,,,,,,,,,,,,,,,,,,,,,,,,,,700147,2089,,,,225,,,,,,
"QAT",,,,,,,,,,,,261,12,,,33,,,,,,,,,2,,,,,,,4,,,,,,709,,,,,14,,,,,,,,0,,,,,4,4,,,17,,,,,216,,,,,,,,,,6,40,,,,,,,,,267,,,,,,,,,,,,16,0,,,,,22,,,21,,,301,,,,36,,,0,,,,891,,,,,,,,,,,,,,,,,,,,,,,,,,,15,,,,,,,,,10,85,,,,,,,52,7,,,,,,,,37,,,,,,,,,,,,,,,,,,0,,,,,28,74,4699,,,22,32,,,,,,,,,,19,,,,,,292,983,,,,,,,,,,,,,
"KOR",,,,123,,,,,3801,,,23576,51,,,,,,13,766,,,,13,271,,,,2004,,78,22,,,,57,,48336,,,,,810,89711,1838,,124,,,,69,,5,,,0,285,2373,,2919,,,343,203,173,72,,,,,,,21,,107,6885,,,70,,,8928,,,82,,,,1516,789,180,,,,,31,549,6,,9440,,,97,,,1517,,255852,101,13452,,,,209,,14,,,,409,,,18,,,2068,,,,,,31,,,1173,29,,496,,,,,,15,,,2427,,13373,33,,,,,885,2560,,,49,152,44,1438,314,807,36,43,50,,,,,5,1606,,,,,,,,,,,,21,,5,,,229,,22,,456,,1378,145,,,,3685,1019,,,639,,,,,,,207,,,,31,,,3745,,490995,,,,,146,394,,,,,
"MDA",,,,,,,,,313,,,373,530,43,,,,,4184,41,,,,,3,,,,,,,521,,,,,,3602,,,,,6,,,,,,,,1,,7,,,106,3383,,,74,,,4,,49,,,,480,,,,,,26,1721,,,,,82,8284,,,2443,,,,,,,,,,,,75,3,,,,,1498,,7784,28457,,,9,5105,,,,1849,,1192,,,,,,488,,,,,,,5,,,,,,,,,,,,,,,,,,18,,,,,,,,,56,,,,,,,,,189,6952,,,,,,16880,154470,,,,,,,,,,,,32,,,,,39,54,,,,,4835,,,,,74,254,,290,,,,,,,,315,,,,,71686,,712,,12719,,,,,,,,,,,
"REU",,,,,,,,,,,,54,,,,,,,,,,,,,,,,,,,,,,,,,,99,,,,,1,,,,,475,,,,,,,,,,,,0,,,,,,,,,,,,,,,,,176,,,,,,,,1,,,131,,,,,,,,,,,,,,,,,,,,,,,,,,,,,,,,,,,,,,,,,,,108,,,,,,,,,,,,,,,,,,,,,,,,,,,,,,,,,,,,,,,,,,,,,,,,,,,,,,,,,,,,,,,14,,,,,,,,,,,,,,,,,,,,,,,,,10,,,,,,,,,,,,,
"ROU",,,,,,,,,747,,,7840,19423,,58,,,,9,5224,,,18,,13,,67,,1193,,,1771,,,,,,33167,,,,,275,,,,120,,,,24,,135,12,,962,2865,,,2030,,,18,67,93,,,,,,,,25,,661,19875,,,,,49,199981,,,17068,8,,,,,,,,,,,84639,82,,,,,6949,,50026,240599,,,144,,,,,289,,157,,,,233,3,111,238,,,,,,147,,,,,,136,,,,,,,,,17,,,2285,,1059,,,,,9,,568,,,,75,,,72,67,1243,6818,,,,758,,,1890,,,,,,,,20,,,,575,,,,,3496,54,,,421,,159248,,,,,5607,4221,,,,,,,,,,7815,,,,,,,20825,,73155,,306,,,359,,,,,,
"RUS",,,278,,,,,,1328,4032,,7148,10605,9420,12,,,,312157,1157,,,,,58,,33,,1576,,,3578,,,178,20,,27735,,87,,,401,1392,14,,210,,401,,102,,123,481,,3426,8277,53,,1307,,,160,276,2582,7,,,65471,,,,11,,22786,12408,,,,,14471,384844,33,,25102,,,,,,238,,,,,11,1379,165,735,,,172,2565,,59557,10185,,3357,363,988127,,,,69539,,77739,56,,,3777,8,40804,89,,,,,176,170,,,47,14,,581,,,1273,,,,,,276,,,11582,,2126,66,,,,80,,2973,,,,347,23,,196,53,16556,1863,,,753,26674,,2576,,,,,,,,,2,,,,812,18,27,,,589,222,,,902,,14885,27,,,,3615,5257,,101013,,,,,,,,7229,35908,,,113,1402646,,8720,,184106,,,429565,,260,,,,,,
"RWA",,,,,,223,,,,,,84,90,,,,,,,4647,,,,,0,,,,,,,1,,26926,,,,1753,,,,,5,,,,,,5052,,0,,,,,0,5,,40226,102,,,,,31,,,202,,93,64,,,,68,2319,,,61,,,499,168,,85,,,,,,,,,,,,8,1,,,,,41,,,317,,,,,2097,,,,,0,,,,,,,9,,2487,,,,,,,,,,,,,,,,,,,207,,,764,,,,,,,,,152,,,,,,,,,,,,,,,,,60,,,,,,,,,,,146,,,2,,,,0,,,1059,,144,,,,,125,390,,,1,,638,,,,,,,,,37577,,,1394,6780,,,,,,,,,,,3517,
"SHN",,,,,,,,,,,,7,,,,,,,,,,,,,,,,,,,,,,,,,,,,,,,194,,,,,,,,,,,,,,,,,,,,51,,,,,,,,,88,,,,1,,,,,,,,,5,,,,,,,,,,,,,,,,,,2,,,,,,,,,,,,,,,,,,,,,,,,,,,,,,,,,,,,,,,,,,,,,,,,,,,,,,,,,,,,,,,,,,,,,,,,,,,,,,,,,,,,,,,,,,,40,,,,,,,,,,,,,,,,,,,,,,,,,1128,,,,,,,,,,,,,
"KNA",,,,,,,502,196,,,,9,0,,9,,,35,,,,,,,0,203,,,,1202,,,,,,,,942,,,,,10,,,,,,,,0,,,,,,2,,,,,18,73,,,,,,,,,,,,1,40,,,,,,,,,2,,8,,,,,,,,,,2,,,,,,2,,,1,49,,,,,,,,,,,,,,,,,,,,,,,,,,,,,,,,,47,,,,,,,29,,,,,,,,,,,,,,,,,,,,,,,,,,,,,,16,,11,,,,,,,,,,180,,,,,9,,,,,,,1,,,,,,,,,,,,,,,,,,2602,,6070,3227,,,,,,,,,,
"LCA",,,,,,,,258,,,,11,7,,32,,,1168,,,,,,,,0,,,,176,,,,,,,,1679,5,,,,40,,,,,,,,0,,,,,,1,,,2,,99,,,,,,,,,,,,,1,1647,651,,,,,,,,,,77,154,,,,,132,,,,,,,,,,5,,,8,169,,,,,,,,,,,,,,,,,,,,,,,,831,,,,,,,,,,,,,,,,27,,,,,,,,,,,,,,,,,,,,,,,,,,,,,58,,,96,,,,,,,,,,106,,,,,,,18,,,,,19,27,,,,,,,,513,,,,,,,,,3616,,7257,1642,,,,8,,,,,,
"SPM",,,,,,,,,,,,,,,,,,,,,,,,,0,,,,,,,,,,,,,151,,,,,3,,,,,,,,1,,,,,,,,,,,,32,,,,,,,,,,,,,,,,,,,,,,20,,,,,,,,,,,,,,,,,,0,,,,,,,,,,,,,,,,,,,,,,,,,,,,,,,,,,,,,,,,,,,,,,,,,,,,,,,,,14,,,,,,,,,,,,,,,,,,,,,,,,,,,,,,,,,,,,,,,,,,,,,,,,,,,,,,,,,,,,,,,,,,,,,,,,
"VCT",,,,,,,,483,,,33,37,4,,20,,,1535,,,,,,,,58,,,,894,,,,,,,,4329,22,,,,3,,,,,,,,1,,,,,0,1,,,7,,50,,,,,,,,,,,,,3,18,,,,,,,,,49,,83,,,,,,143,,,,2,,,,,,2,,,5,116,,,,,,,,,,,,,,,,,,,,,,,,,,,,,,,,,19,,,,,,,20,,,,,,,,,,,,,,,,6,,,,,,,,,,,,,78,148,,,,,,,,,,,,17,,,,,,,,,,,,10,,,,,,,,,3982,,,,,,,,,3219,,10968,265,,,,65,,,,,,
"WSM",,,,8508,,,,,,,,8111,1,,,,,,,,,,,,,,,,,,,1,,,,,,47,,,,,,,,,,,,1,,,,,,,0,,,4,,,,,,,,,,,,,,141,1,4,,,,,,,,,109,,,,,,,,,,,,,,,,,,6,,,29,,,,,,,,,,,,,,,,,,,,,,,,,,,,,,8,,,,,,,,,,,7,,23510,,,,9,,,,,,,,,,,,,,,,,,,,,,,,,,,,,,,,,,,,,,,,,,,,,,,,7,,,,,,,47,101,,,,,,3,,,,129,,8056,,,,,,,,,,,
"SMR",,,,,,,,,22,,,,0,,,,,,,12,,,,,,,,,,,,0,,,,,,,,,,,1,,,,,,,,,,,,,,0,,,0,,,,,,,,,,,,,,,,115,,,,,,,,,1,,,,,,,,,,,,,,,,,,0,,,1118,,,,,,,,,,,,,,,,,,,,,,,,,,,,,,,,,,,,,,,,,,,,,,,,,,,,,,,,,,,,,,,,,,,16,,,,,,,,,,,,,,,,,,,,,,,11,,,,,3,,,,,,,,,,,,,,,,,,,,,,,,,,,,,,,
"STP",,,,,,2495,,,,,,,1,,,,,,,18,,,,,,,,,,,,,,,1279,,,,,41,,,9,,,,,,,,,,,,,,1,,,0,,,,,,,548,,,,,,,,,359,,,1747,,,,,,4,,,,,,,,,,,,,,,,,,,,,15,,,,,,,,,,,,,,,,,,,,,,,,,,,,,,,,,,,,,,,,,67,,,,,,,,,,,,,,,,,,,7018,,,,,,,,,,,,,,,,,,,,,,,,,,,,,,65,,,,,7,20,,,,,13,,,,,,,,,,,,176,,,,,,,,,,,,,
"SAU",,,1951,,,,,,78,,,1631,218,,,195,,,,120,,,,,6,,,,,,,14,,,,,,8643,,,,,14,,,,36,,,,5,,,,,82,33,,,114,,,21,28,4591,,,,,,,,,,110,1241,,,,,,1203,,,240,,,,,19,163,,,,,,199,1,2661,1083,,446,272,,,281,,,6283,,,,701,,,1,1420,,,22000,,,,,,,,,9,,,181,,,88,,,,,,,,,,,,561,,291,,,,,,,122,516,,,28,,,16,433,54,,,4695,,,,4,159,,,,,,,,,,,590,,,,,,24,1,,,184,,290,312,10122,,,524,405,,,0,,,,,,,2180,,,,,,1638,11140,,12474,,,,,920,,,,,,
"SEN",,,,,,,,,,,,176,175,,,,,,,1427,,,,,3,,,,,,,4,1867,,553,,2561,1900,,,,,7,,,,,,5260,,0,18683,,,,3,32,,,61,,,,,301,,,,,,,,,,66,53444,,,13749,55445,,2204,54,,313,,,,,,3330,4319,,,,,15,6,,,,,13,,,53440,,,,,,,,,,,,,168,790,,,13,,,,,4375,,,,21852,,,15,,,,,,620,,,19,,,571,,,70,694,,,,,58,,,,,,,,,47,1048,,,,,,0,53,,,,,,,,,,,,,,453,,,,1,,,1391,,22332,,,,,183,1081,,,,,371,,,,183,39,,,,0,,,703,,10395,,,,,5,,,741,,132,
"SRB",,,,,,,,,,,,20171,74489,,,,,,23,5,,,,,7,,6939,,,,,830,,,,,,7534,,,,,,,,,,,,,,,11407,,,751,1031,,,1933,,,81,,,,,,,,,,20,,23,8900,,,,,,171013,,,1870,,,,,,,,,,,,10352,248,,,,,0,,,30369,,,29,,,,,,,3,,,,,303,,1170,,,,,,291,,,,,,16,,,,,,,,,,,,25087,,0,,,,,6714,,0,,,,21,,,,,1123,89,,,,,,968,,,,,,,,,,,,,,,,,,825,19443,,,1085,,0,,,,,0,58217,,,,,,,,,,,,,,,,,3006,,9347,,,,,364,,,,,,
"SYC",,,,,,,,,,,,1336,14,,,,,,,20,,,,,0,,,84,,,,,,,,,,442,,,,,,,,,,,,,,,,,,3,1,,,6,,,,,12,,,,,,,,,,1,192,,,,,,,,,5,,,,,,,,,,,,,,,,,,6,,,182,,,,,,,,,,,,,,,,,,,,,,,,,,,25,,,,,,,,,6047,,22,,,29,,,,,,,,,,,,,,,,,,,,,,,,,,,,,,,,,,,,,,,,,,,,0,,,145,,12,6,,,,15,59,,,,,,,,,,,,,,,,,1186,208,,,,,,,,,,,,
"SLE",,,,,,,,,,,,791,159,,,,,,,585,,,,,1,,,,,,,1,,,10,,,852,,,,,1,,,,,,,,,418,,,,3,4,,,152,,,,,26,,,,,,,,,,57,563,,,,1174,,3002,1845,,143,,,,,,12202,431,,,,,24,7,,,,,141,,,610,,,,,,,,,,2,,,12158,131,,,,,,,,2401,,,,,,,,,,,,,,,,78,,,4328,,,,,1918,,,,208,,,,,,,,,,43,,,,,,,,,,,,,,,,,,6167,,,,,,,0,,,180,,1041,,,,,269,160,,,,,33,,,,,,,,,,,,8506,,13761,,,,,,,,,0,,
"SGP",,,,,,,,,0,,,19890,87,,,,4491,,,167,,,,7,2,,,,,,833,2,,,,124,,4928,,,,,62,,4105,,,,,,3,,,,,4,11,,,226,,,,,74,,,,,,,,,,38,1012,,,,,,674,,,17,,,,,,,,,,,,32,3,1907,6247,,,127,,,119,,1079,,,,,,,,3,,,,392,,,,,,30720,32,,8,,,,,,22,,,,,,,,,,,,1367,,2255,,,,,,,183,,,,19,41,,,145,,11,,,,,,,28,,,,,,,,,,,,,,,,,,0,,,242,,118,122,,,,204,620,,,515,39,,,,,,64,,,,,,,17707,,10320,,,,,7,642,,,,,
"SXM",,,,,,,,11,,,311,,,,,,,,,,,,,,20,207,,,,,,,,,,,,49,,,,,,,,,8,,,,,,,,,,,,,,,,,,,,,,,,,,,,,,,,,,,,,,,,,,,,,,,,,,,,,,,,,,,,,,,,,,,,,,,,,,,,,,,,,,,,,,,,,,,,,,,,,,,,10771,,,,,,,,,,,,,,,,,,,,,,,,,,,,,,31,,41,,,,,,,,,,,,,,,,,,,,,,,,,,,,,,,,,,,,,,,,,,,51,,,,109,,,,,,
"SVK",,,,,,,,,,,,3065,7585,,,,,,9,141,,,,,10,,1951,,,,,58,,,,,,5545,,,,,38,,,,,,,,7,,130,,,33,59441,,,259,,,,11,24,,,,,,,,,,43,1208,,,,,,14128,,,140,,,,,,,,,,,,6790,83,,,,,5357,,,1691,,,16,,,,,,,19,,,,,7,13,116,,,,,,26,,,,,,24,,,2,,,,,,,,,60,,,,,,,14,,249,,,,8,,,,,609,17,,,,,,87,745,,,,,,,,,,,,135,,,,,,22,,,170,,1496,,,,,197,3104,,,,,,,,,,138,,,,,,,13712,,,,,,,7,,,,,,
"SVN",,,,,,,,,609,,,4502,6574,,,,,,,21,,,,,5,,800,,,,,14,,,,,,4044,,28,,,35,,,,14,,,,,,7147,,,4,113,,,71,,,,,,,,,,,,,,,10,1202,,,,,,14098,,,30,,,,,,,,,,,,178,13,,,,,86,,,1776,,,,,,,,,,3,,,,,25,,91,,,,,,18,,,,,,24,,,,,,,,,,,,21,,,,,,,97,,53,,,,,,,13,,76,17,,,,,,,151,,,,,,,,,,,,5096,,,,,152,,,,,,218,,,,,421,1269,,,,,,,,,,65,,,,,,,601,,3083,,,,,51,,,,,,
"SLB",,,,,,,,,,,,720,5,,,,,,,,,,,,0,,,,,,,,,,,,,,,,,,,,,,,,,,,,,,,,0,,,3,,,,,,,,,,,,,,336,1,2,,,,,,,,,4,,,,,,,,,,,,,0,,,,,2,,,2,,,,,,,,,,,,,,,,,,,,,,,,,,,,,,,,,,,,,,,21,,,,,,,,,,,,,,,,175,,,,,,,,,,,,,,,,,,,4,,,,,,,,,,,,,,,,,,,,,2,,,,,,,,,,,,,,,,,,141,,,,,,38,,,,,,,
"SOM",,,5185,,,,,,3,,,2222,571,,,349,,,,702,,,,,0,,,,,,,3,,,,,,9400,,,,,6,,,,,,,,0,,,,,4,11,,,5845,43138,,,,10465,,,1121,,77,161785,,,,3233,696,,,,,,3931,,,310,,,,,,,,,,,,264,0,,,,276,347,,,4566,,,84,,109595,,1375,,,2,,,,61493,,,,,32,355,,,9,,,,,,,,,,,,,,,67,,,8248,,862,6,,,,,,7020,,,,,,,,,,,,486,,,,,59,,,,,,,,,,,,,24,0,,,,0,,,4777,,119,,,16,,8236,2183,576,,34,,,,,,,59,,,,1200,,2885,29710,2279,38559,,,,,,,,,56367,,
"ZAF",,,,,,1996,,18,92,,,56789,962,,54,,,,,1431,,,108,,4,,,6023,,,,45,,,,,,18800,18,47,,,198,,,,28,,,,12,,47,,,1446,108,,,679,,,88,43,115,,,91,,5647,,,1,,247,1953,,,7,,,4773,,,2734,,,,,,,,,,,,151,23,,,,,3856,220,4957,1423,,,74,,50,,,,,6,,1282,,372,7,,19,,3767,,,,37,,,,166,,74,,,,,,,7908,,4382,,,5691,,19345,,,,,,,415,,,,15,,,62,355,178,5409,,,375,,,,129,,14,,5,,,,,,,,68,215,78,,,53,10,,,,,966,51,,,,894,2838,,,,,,,,,,144,,,,,,,75990,400,35941,,,,,36,,,,,1117,10842
"SSD",,,,,,,,,,,,0,,,,524,,,,,,,,,,,,,,,,,,,,,,,,0,,,,,,,,,,,,,,,,,,,28229,,,,,,,,,841,,,63903,,,,,,,,,,,,,,,,,,,,,,,,,,,,,,,246,,,,,,,334,,33359,,,,,2,74,,,1027,,,,,,,,,,,,,,,,,,,,,,,,,,,,,,,,,,,,0,0,,,,,,,,,,,834,,,,,,,,,,,,,,,,,,,,,,,,,,0,,,,,0,,0,0,,,,,,,,,,,,,,0,,4363,,,,,,,,,,,,0,,
"ESP",,,,,15018,,,5,46867,,,7399,1473,,59,,,,18,17107,,,78,,3190,25,,,20296,,,605,,,45,,,4961,11,,,,5218,,184,,2931,,,,605,,48,1642,,27,205,,,1887,,,4884,1902,191,281,458,,,,,,,,742,134888,,67,,,9,50266,,660,337,,,,,593,302,,,707,,215,517,132,,,,,2713,,1005,6351,,819,255,,,,,,,68,,,82,365,226,439,1201,,,,,,24,,,52,9,,10577,,,,,,1407,,,210,,,9058,71,,224,,,,,,1022,,,,1715,,550,2309,29,1564,6369,1556,,,,,1836,593,,,,,,,,,,,,91,4,,,,312,19,,,413,,,7,,,,3225,24422,,,,,,,,,,539,,,,17,,,27726,,25537,,7768,,,40372,,,,,,
"LKA",,,,,,,,,4,,,36037,416,,13,3073,,,,255,,,,14,3,,,533,,,456,5,,,,53,,53033,,,,,6,1695,254,,,,,,1,,,,,1141,41,39,,4019,,,,,113,,,,,,,,,,290,17759,,,,,,23715,13,,313,,,,,,,,,,,,26,48,87758,,,,169,,,35011,,3909,4476,,,,9505,,,19,242,,,184,,,,,,2807,3996,,9,,,,103,,,,,,,,,,,,0,14,5307,,3369,,,,,,,4285,4482,210,,,73,,,99,30,12,,7940,7389,,,0,432,,,,,,,,,,179368,,,343,,3025,,,6,,,283,,234,,,,,2698,15329,,,4199,,,,,,,31,,,,,,26058,49356,,16775,,,,,,91,,,,,
"PSE",,,13815,,,,,,,,,1840,152,,,1899,,,,59,,,,,4,,,,,,,1,,,,,,3353,,,,,562,,,,,,,,,,20,,,138,66,,,0,,,60,24,69005,15,,,,,,,,,11,546,,,,,,,,,615,,,,,13,,,,,,59,72,,,,,20228,56,,,262,,,774698,,,,6184,,,0,240311,,,166106,,,,,,,,,18,,,85,,,9,,,,,,,,,,,,,,,,,,,,,462,,,,89,,,,,,,,3764,,,,16,736,,,,,,,,,,,,74,,,,,23,0,,,11,,,,,,,1351,90,225145,,4,,,,,,342,595,,,,,1484,15788,,,14030,,,,,279,,,,1835,,
"SDN",,,691,,,,,,13,,,10358,363,,,4337,,,,210,,,,,1,,,,,,,24,,,,,,5262,,12194,112293,,1,,,,,,,,1,,24,,,166,40,,8163,276,,,,,14906,,,117,,,8957,,,,0,1357,,,,,,,23,,933,,,,,,,,,,,,112,,,,,3170,456,,,1407,,,2713,,42192,,18635,,,1,606,,,8338,,,,,,,,,12,,,,,,,,,,,,,,,92,,,4068,,,,215,,,,,394,4856,,,,,,,16,73,,,6549,,,,,270,,,,,,,,,,159864,,,,3,,,,9,,,901,,232,,,,,602,479,113,,0,,,,,,,167,,,,167986,,36147,7613,,15285,,,,,,,,,11347,,
"SUR",,,,,,,,18,0,,614,51,9,,,,,8,,171,,,,,1,1085,,,157,,,1,,,,,,406,,,,,1,,,,,,,,5,,,,,0,3,,,15,,8,29,,,,,,,,,,,,2,10785,9793,,,,,,,,2,,,12,,,,,1549,,,,,0,,,,,5,,,12,,,,,,,,,,,,,,,,,,,,,,,,,,,,,,,,,,,,,,,,,86761,,,,,,,,,9,,,,,,,,55,,,,,,,,,,,,,13,,,,,,,,,,,,115,,,,,,,42,,,,,12,34,,,,,,,,,,,,,,,,,129,,4993,,,,,26,,,,,,
"SWE",,,,,29,,,,158,,,4083,1154,,14,,,,176,1732,,,,10,101,,,155,440,,,53,,,,,,3326,,7,,,929,,,,78,,,,37,,195,,,197,173,,,8746,,,65,93,175,19,,,208,,,,33,,14827,3132,,,,,,7457,,,2268,53,,,,23,,,,,,12,633,821,,,,,684,,345,1562,,667,79,,,,,,,223,,,315,411,10,178,523,,,,15,,68,,,,,,243,,,,,,,,,48,,,1483,,546,17,,,,,,15891,,,,82,,,128,66,575,358,,,,,,65,213,,,,,,,,,,,,626,,,,,105,189,,,74,,6636,46,,,,,3657,,,424,,,,,,,2326,,,,25,,,9274,,20493,,,,,69,,,,,,
"CHE",,,,,45,,,,628,,,6932,5666,,88,,,,12,2272,,,67,15,292,,,,1975,,,70,,,11,,,9996,57,79,,,817,,458,,359,,,,187,,915,,,84,224,,,1145,,,1154,642,640,25,,,,,,,,,441,38020,,115,,,7,24315,96,,1521,,,84,,73,,,,206,,31,1001,55,,,,,282,,1440,50147,,468,197,,,,,,,36,,,43,438,4302,27,188,,,,49,,45,,,,37,,947,,,5,,,,,,188,,,2493,,1398,53,,,,,,748,,,,154,,,361,196,398,7488,,,,,,35,252,,,,6,,,,,,,,1540,,,,,252,709,,,497,,28169,75,,,,1402,,,29,720,,,,,,,4638,,,,,,,6624,,18242,,,,,402,,,,,,
"SYR",,,1324,,,,,104,889,1134,,4085,1616,,,1865,,,83,1704,,,,,0,,,,1525,,,814,,,,,,9223,,,,,259,,,,178,,,,4,,78,,,1630,310,,,794,,8,34,23,3723,,,,,,,,,,189,9010,,,9,,,20554,33,,5063,,,111,,39,19,,,,,,788,12,,901,,3498,94,,4598,2978,,,64877,,,,7176,,,15,12657,,,16015,,,,,,,,,144,,63,73,,,186,,,,,,704,,,,,,3748,,,,,,,,,543,,,,117,,,,21,496,18,,2465,,,,4318,2796,,,,67,,,,,,236194,,103,,,,,133,25,,,31,,3158,17,2204,,,8325,1610,,,,,,,,,215,2406,,,,,3735,15463,3765,,28837,,,,,8587,,,,1362,,
"TJK",16064,,,,,,,,,,,35,97,106,,,,,2971,8,,,,,0,,,,,,,40,,,,,,283,,,,,2,,,,,,,,,,,,,3,112,,,5,,,,,82,,,,185,,,,,,10,51,,,,,50,7943,,,28,,,,,,,,,,,,8,1,,,,,11,,1334,30,,,,7040,,,,1139,,376,,,,432,,266,,,,,,,,,,,,,,,,,,,,,,,,,17,,,,,,,,,23,,,,,,,,,18,,,,,,,,248341,,,,,,,,,,,,,,,,,,0,,,,,9,,,,,52,54,,,,,,,,,,192,5212,,,,15199,,108,,1616,,,18198,,,,,,,,
"THA",,,,,,,,,49,,,11103,741,,,402,4958,,,986,,,,26,1,,,,,,9746,0,,,,23855,,4885,46,,,,25,6231,2484,291,,,,,0,,,,,25,21,181,,1708,,,,,764,,,,,,,,6,,976,4882,,,,,,7706,,,56,19,,,,,,,,,,,63,215,,5925,,,215,,,784,,17734,119,,,,1188,,930,0,,,,1942,9,,19,,,7721,52,,13,,,,,,31,,,,,,,,,32,,,2155,,2859,,,,,,,1301,,,,54,,,5,53,33,74,15,1002,9268,,,,71,,,,,,,,,,,,,96,,1717,,4,13,,,109,,238,73,,,,4249,3497,,,,61,,,,,,71,,,,,,3347,7079,,71310,,,,,33,4896,,,,,
"TLS",,,,,,,,,,,,5347,,,,,,,,,,,,,,,,,,,,,,,8,,,,,,,,,,,,,,,,,,,,,,1,,,,,,,,,,,,,,,,,,,6,,,,,,,,,50,,,,,,,,,,,,,,,41882,,,1,,,25,,,,,,,,,,,,,,,,,,,,,,,,,,,,,,,,,,,,,,,,,,,,,,,,,,,,,,,,,,649,,966,,,,,,,,,,,,,,,,,,,,,,,,,,,,,,,,,,,1,,,,,,,,,,,,,,,,,,1322,,,,,,,,,,,,,
"TGO",,,,,,,,,,,,15,106,,,,,,,1140,,19811,,,1,,,,,,,,4720,,,,,885,,5,,,12,,,,,,423,,,20286,,,,,7,,,82,,,,,,,,,,,,,,,27,10307,,,6539,,,7426,38722,,7,,,,,,984,,,,,,5,1,,,,,83,,,2032,,,,,,,,,,0,,,167,,,,,,,,,2021,,,,64,,,,,,,,,,,,,,,903,,,,2962,69518,,,,38,,,,,,,,,,38,,,,,,,,,,,,,,,,,,924,,,24,,,,0,,,,,261,,,,,146,804,,,0,,,,,,,,,,,3,,,571,,,,,,,,,,,,,
"TKL",,,,12,,,,,,,,225,,,,,,,,,,,,,,,,,,,,0,,,,,,,,,,,,,,,,,,,,,,,,,,,,,,,,,,,,,,,,,,,,,,,,,,,,,0,,,,,,,,,,,,,,,,,,,,,,,,,,,,,,,,,,,,,,,,,,,,,,,,,,,,,,,,,,,,,,,,737,,,,,,,,,,,,,,,,,,,,,,,,,,,,,,,63,,,,,,,,,,,,,,,,,,,,,,,,,,,,,,,,,,,,,,,,,,,,,,,,,,,,
"TON",,,,645,,,,,,,,4446,1,,,,,,,,,,,,0,,,,,,,1,,,,,,41,,,,,135,,,,,,,,,,,,,,0,,,5,,,,,,,,,,,,,,636,1,27,,,,,,,,,,,,,,,,,,,,,,1,,,,,2,,,4,,,,,,,,,,,,,,,,,,,,,,,,,,,,,,7,,,,,,,,,,,,,9525,,,,59,,,,,,,,19,,,,,,,,,,,,,,,,,,,48,,,,,,,,,,,,,,,,,,,,,6,,,,,,,,,,,,,,,,,,115,,8295,,,,14,,,,,,,
"TTO",,,,,,,,306,35,,,791,21,,162,,,675,,,,,30,,3,36,,,,202,,,,,,,,29694,158,,,,10,,,,17,,,,5,,,,,1,2,,,69,,127,38,9,,,,,,,,,,,10,144,,,,,,232,,,3,,685,,,,,,326,,,,5,1,,,,,54,,,31,1184,,,,,,,,,1,,,,,,,,,,,,,3,,,,,,19,,,,,24,,,,,,,190,,,,,,,,,135,,,,39,,,,,,,140,,,,,,,,,136,283,,466,,,,,,,,,,36,,,,,7,,49,,,,,113,115,,,,,,,,,,,,,,,,,7947,,92320,922,,,,1302,,,,,,
"TUN",,,,,,,,,47,,,327,2000,,,191,,,,5975,,,,,1,,,,,,,45,,,,,,4882,,,,,14,,,,,,,,1,,,,,15,301,,,566,,,,,320,,,,,,,,6,,347,196405,,,71,,,19329,,,346,,,,,,,,,,,,134,11,,,,256,96,,13751,57593,,,257,,,,625,,,1,,,,1562,6,,69,,,,,,162,,,134,,,,,,,,,886,,,,,,2807,425,,,,,,,,486,,,,,,,,95,237,70,,315,,,,4,289,,,,,,,,,,,,30,,,,,98,10,,,34,,1355,,319,,,2163,5679,,,,,,,,,,295,,,,,,1594,2881,,3695,,,,,5,,,,,,
"TUR",,1674,,,,,,,482,490,8,19302,72226,1770,,1349,,,23,47186,,,73,,14,,,,258,,,2137,,,,,,10969,,2,,,203,,,,25,,,,2,,26,,,186,424,,,16741,,,33,,562,,,,,,,,,,2696,123372,,,,,300,778000,,,23162,,,,,7,,,,,,,1251,31,56,,606,10237,444,,13955,8490,,,1399,20197,,,5214,525,,50,324,,,1542,439,46,80,,,,,,94,,,,,,160,,,85,,,,,,22,,,101972,,,,,,,8026,,5178,,,,49,,,29,385,488,127,17,2264,,142,,2369,7418,,,,,,,,,,,0,273,,,,,186,27,,,403,,1271,12,,,,19033,35695,,424,0,,,,,,,,,,,,1215,11185,37617,,40253,,,,,68,,,,,,
"TKM",,,,,,,,,,223,,30,38,806,,,,,2729,1,,,,,0,,,,,,,67,,,,,,108,,,,,1,,,,,,,,,,,,,1,39,,,2,,,,,31,,,,143,,,,,,5,41,,,,,66,2040,,,45,,,,,,,,,,,,,0,,,176,,2,,801,19,,,,523,,,,646,,401,,,,150,,158,,,,,,,,,,,,,,,,,,,,,,,,,,,,,,,,,,23,,,,,,,,,7,,,,,,,,87695,,,,,,,,,,,,6,,,,,,0,,,,,2,,,,,60,21,,222,,,,,,,,1397,,,,,11026,,146,,679,,,466,,,,,,,,
"TCA",,,,,,,,3,,,,,,,402,,,,,,,,30,,,,,,,,,3,,,,,,28,,,,,3,,,,,,,,,,,,,,,,,,,,9,,,,,,,,,,,,,0,,,,,,,,,,,,,,,,,,,,,,,,,,,2,,,,,,,,,,,,,,,,,,,,,,,,,,,,,,,,,,,,,,,,,,,,,,,,,,,,,,,,,,,,,,,,,,,,,,,,,,,,,,,,,,,,,,,,,,,,,,,,,,,,,,,,,,,,,,,,,,,,52,,,,,,,,,,,,,
"TUV",,,,,,,,,3,,,68,3,,,,,,,,,,,,,,,,,,,8,,,,,,,,,,,,,,,,,,,,,,,,,1,,,,,,,,,,,,,,,,,196,0,6,,,,,,,,,20,,,,,,,,,,,,,,,,,,,,,2,,,,,,157,,,,,,,,,,,,,,,,,,,,,,,,,,,,,,,,,147,,,,570,,,,47,,,,,,,,,,,,,,,,,,,,129,,,,,,,47,,,,,,,,,,,,,,,,61,,,,,,,,,,,,17,,,,,,,,,,,,,,,,,,,,,,,,
"UGA",,,,,,,,,0,,,977,112,,2,,,,,163,,,,,0,,,500,,,,3,,425,,,,5236,,,,,3,,,,,,,,4,,,,,10,8,,14769,442,,,,,64,,,862,,19,93,,,,44,147,,,,,,819,,,45,,,,,,,,,,,,16,2,393,,,,85,,,281,,,,,144595,,,,,2,,73,,,,,,,,,,,,,,,,,,,,,,,,,,254,,,457,,,,,,,,,308,,,,,,,,,25,18,,,,,,,49,48405,,,,,,,,,,,,6,,,,,1,,,1584,,51,,,13408,,1232,274,,,0,,,,,,,,,,,,,,26325,4962,10029,,,,,,,,,,218,
"UKR",,,,,,,,,2807,464,,7228,1905,731,2,,,,111734,146,,,,,30,,,,,,,1095,,,18,,,26461,,,,,128,,,,74,,,,28,,81,121,,671,42073,,,1958,,,40,89,54,,,,11681,,,,,,257,3929,,,,,4780,76063,,,4315,,,,,,34,,,,,,9821,41,,,,,1978,,65661,25160,,,170,134400,,,,16587,,22647,16,,,376,2,9695,23,,,,,,36,,,,,,119,,,,,,,,,230,,,217,,536,29,,,,25,,267,,,,211,,,70,,100752,17856,,,,30478,,5407,1557903,,,,,,,,2,,,,192,,,,,2374,255,,,949,,30759,,,,,808,1491,,752,,,,,,,,1149,4279,,,,,,7147,,148160,,,59693,,77,,,,,,
"ARE",,,,,,,,,,,,1588,64,,,1716,,,10,,,,,,1,,,,,,,25,,,,,,5444,,,,,7,,,,22,,,,,,,,,59,20,,,137,,,,,375,,,,,,,,,,39,322,,,,,,,,,49,,,,,,,,,,,,84,1,6834,,,207,128,,,102,,,230,,,,6304,,,4,,,,1573,,12,,,,,,,7,,,36,,,,,,,,,,,,,,,231,,,,,,,,,68,4514,,,,,,,189,54,,,11902,,,,3,176,,,,,,,,,,,,12,,,,,30,2,,,49,,68,406,5061,,,252,173,,,,,,,,,,27,,,,,,,4397,,4134,,,,,,,,,,,
"GBR",,,279,,573,,121,430,703,,,565203,4583,,1017,1009,14762,1343,171,12838,195,,2067,12,383,93,,439,2790,374,1149,1227,,,21,100,149,269496,1064,,,26708,1356,4693,9948,,551,,,52,152,,219,21,,10800,1844,142,,9443,,230,350,571,1502,49,,17,203,,,374,37,163,2547,70912,,89,,,23,57358,792,2335,6021,10,,156,,102,,,214,,,52,2619,542,2611,9565,,,107625,17945,9037,19101,2415,6893,880,,,7,3886,,,479,190,,324,3782,31,1179,2193,,778,4793,60,,3746,,48,,182,,1829,,,46,,50,417,,,751,,,26154,,113070,40,,,,,,8333,2760,,,647,1028,103,746,13254,9987,7202,141,1704,1636,,,412,720,,59,,386,,398,22,,,,,357,118,182,,13,1903,110,39,,79637,,110840,299,,,,11260,19764,,237,644,,,,,1167,,8267,,216,,571,,8397,,593,345623,,202,,47,908,1610,,,,634,11061
"TZA",,,,,,,,,1,,,1297,63,,,,,,,168,,,,,0,,,856,,,,11,,6449,,,,9290,1,,,,6,,,,,74,,,1,,,,,46,11,,,386,,,,,99,,,225,,,,,,,185,218,,,,,,256,6,,218,,,,,,,,,,,,34,6,,,,,70,,,489,,,,,21801,,,,,0,,41,,161,,,,,4351,,,,,,,,,,,,,,,,,3022,,560,,,649,,,,,,,,,309,,,,,25,,,,42,51,,,,,,,142,21750,,,,,,,,,,,,,,,,,0,,,3431,,135,,,,,509,334,,,,,,,,,,190,,,,10728,,,15775,,11600,,,,,,,,,,2599,
"USA",,1854,423,1578,53,,112,1156,3653,,326,35850,4267,,3228,524,20283,531,35,7278,1416,,1772,56,2055,618,,201,10890,469,104,460,,,158,175,418,127449,1078,551,,,5012,13035,7461,,7747,,35,16,3614,,531,174,,977,1464,417,,5152,,268,9361,7041,2879,2416,,,241,86,,18,18,,1895,21912,,250,170,,62,62230,341,,10067,19,,186,10289,3393,334,128,465,734,,2719,3147,871,1512,3906,,,12433,83,33070,16952,3321,21768,2815,,,27,1829,,,335,606,45,772,5420,47,430,457,,,,21,484,551,648,,64,19,,262552,100,,250,,57,628,,,457,,,11146,,8238,1646,,,12,,1085,6920,,,199,4953,689,909,4483,15493,5338,3572,106093,854,23923,,,923,2054,,,,389,46,171,212,,,,322,668,,199,4880,68,753,284,45,,4025,,15053,154,3752,,,8284,14763,,149,2799,26,95,,,1962,133,7050,,366,6,429,1550,4355,76271,689,,8027,345,,,5345,1108,,,,346,
"VIR",,,,,,,122,304,,,,,,,,,,,,,,,,,,79,,,,,,,,,28,,,20,,,,,1,,,,,,,,1,,,,,,,,,,,,199,,,,,,,,,,,,,16,,,,,,,,,2,,660,,,,,,,,,,,,,,,,,,,,,,,,,,,,,,,,,,,,,,,,,,,,,,,,,,,,,,,,,,,,,,,,,,,,,,,,,,,,,,,,352,,,,,,,,,260,21,,,,,,,,,,,,17,,,,,,,,,,,,,,,11,,,,,,,,,,,,,,,62,,,,,,,,,,,,,
"URY",,,,,55,,,,55162,,,5200,100,,4,,,,4,227,,,,,253,,,,12705,,,7,,,,,,3032,,,,,1768,,,,217,,,,81,,,,,0,12,,,110,,,427,298,,46,,,,,,,,,43,972,,,,,,841,,,41,,,,,66,,,,96,,30,25,5,,,,,31,,2647,2091,,,,,,,,,,2,,,,,,10,,,,,,,,,,,,,1065,,,2,,,,,,,,,315,,,13,,,,,,74,,,,258,,1794,299,,26,112,,,,,,,153,,,,,,,,,,,,,,,,,,2,,,46,,33750,,,,,1182,643,,,,,,,,,,22,,,,,,,496,,17128,,,,,2488,,,,,,
"UZB",803,,,,,,,,,281,,350,262,8801,,,,,7303,77,,,,,2,,,,,,,174,,,,,,1513,,,,,2,,,,,,,,0,,,,,21,890,,,65,,,,,78,,,,520,,,,,,24,222,,,,,247,11759,,,2986,,,,,,,,,,,,42,2,,,,,50,,11987,279,,,,111094,,,,5704,,1211,,,,267,,754,,,,,,,4,,,,,,,,,,,,,,,,,,1819,,,,,,,,,44,,,,,,,,,149,303,,,7438,585,,,532421,,,,,,,,,,,,6,,,,,13,3,,,,,105,,,,,449,209,,3726,,,,,,,,3594,33723,,,,113846,,694,,13187,,,,,,,,,,,
"VUT",,,,,,,,,13,,,563,1,,,,,,,,,,,,0,,,,,,,0,,,,,,,,,,,0,,,,82,,,,,,,,,,1,,,1,,,,,,,,,,,,,,88,1,299,,127,,,,,,,35,,,,,,,,,,,,,,,,,,1,,,2,,,,,,,,,,,,,,,,,,,,,,,,,,,,,,,,,,,,,,,,,,2374,,,,,,,,,,,,,56,,,,,,,,,,,,,,,,,,,16,,,,,,,,,,,,21,,,,,,,,,0,,,,,,,,,,,,,,,,,,56,,,,,,,,,100,,,,
"VEN",,,,,,,,17,904,,1597,726,284,,10,,,,,338,,,,,309,681,,,1286,,,9,,,,,,5829,18,,,,2968,,,,17802,,,,337,,18,67,,17,32,,,209,,4,5819,2083,12,93,,,,,,,,,48,2424,,,,,,2247,,,387,,287,,,100,,,733,1136,,35,87,9,,,,,73,,209,11607,,,31,,,,,,,13,,,,,,,9,,,,,,,,,,,,2893,,,,,,,,,,,,1204,,,70,,,,,,97,,,,2313,,,1354,,46,11235,1040,,,,,3,120,,,,19,,,,,,,,19,,,,11,,,,,84,,50911,,,,,277,1312,,,,,,,,620,,17,,,,,,,2752,,57108,,299,,,,,,,,,
"VNM",,,,107,,,,,5,,,83963,1219,,,,11963,,173,2582,,,,,5,,,,,,,354,,,,27571,,72280,,,,,10,14608,3838,,,,,,1,,,,,5,19234,382,,4547,,,,14,,,,,,,,,,,1684,55090,,,,,,43276,,,114,,,,168,,,,,,,,1405,159,283,,,,308,,,1573,,17951,,,,,,97,5428,6,,,,,,35,19,,,41490,,,,,,,,,34,,,107,,,,,,,,,5897,331,2263,,,,,,,5910,,,,17,,,,306,1370,19,52,,25913,,,8,12700,,,,,,,,,,,,,,1,,,874,0,,,37,,352,,,,,5776,4286,,,3358,85,,,,,,12,,,,,7433,,11237,,576108,,,,,4,,,,0,,
"WLF",,,,,,,,,,,,,,,,,,,,,,,,,,,,,,,,0,,,,,,,,,,,1,,,,,,,,,,,,,,,,,,,,6,,,,,,,,,,,,,,,11,,,,,,,5,,,,,,,,,,,,,,,,,,,,,,,,,,,,,,,,,,,,,,,,,,,,,,,,,,,,,,,,,,,,,,,3677,,,,,,,,,,,,,,,,,,,,,,,,,,,,,,,,,,,,,,,,,,,,,,,,,,,,,,,,,,,,,,,,,,,,,,,,,,,,,,,,,,,,
"ESH",,,71830,,,,,,,,,,,,,,,,,,,,,,,,,,,,,0,,,,,,,,,,,2,,,,,,,,,,,,,,2,,,,,,,,,,,,,,,,,,,20,,,,,,,,,1,,,,,,,,,,,,,,,,,,2,,,,,,,,,,,,,,,,,,,,,,,,,,,,,,,,,,,,,,,,,,,,,,,,,,,,,5,,,,,,,,,,,,,,,,,33,,,,,,,,,,,,,,,,,,0,,,,,,,,,,,,,,,,,,,,,,,,,,,,,,,,,,,,,,,,,
"YEM",,,1109,,,,,,,,,295,43,,,6869,,,26,66,,,,,0,,,,,,,31,,,,,,721,,,,,,,,,,,,,,,,,,4,90,,,74,113,,,,3003,,,,,,62,,,,16,177,,,,,,1453,,,17,,,,,,,,,,,,163,0,,,,1504,22,,14885,124,,,2953,,,,23725,,,0,665,,,12891,,,,,,,,,,,,,,,,,,,,,,,,,,,257,,,8,,,,,,35,,,,,,,,,79,,,11680,,,,,546,,,,,,,,,,249969,,,,,,,21,5,,,23,,21,,741,,,140,195,,,0,,,,,,,39,,,,,,57067,7797,,13628,,,,,,,,,,,
"ZMB",,,,,,75,,,1,,,2270,37,,,,,,,145,,,,,1,,,3875,,,,4,,,,,,1378,7,,,,3,,,,,,,,,,13,,,30,21,,,169,,,,,16,,,123,,,,,,,47,182,,,,,,279,,,116,,,,,,,,,,,,5,1,373,,,,200,,,241,,,,,,,,,,,,35,,,,,,,17803,,,,,,,,,,,,,,,,,1993,,2033,,,455,,610,,,,,,,117,,,,,,,,,31,,,,,,,,257,,,,,,,,,,,,28,,0,,,,4,,,14627,,55,,,,,138,141,,12,,,,,,,,,,,,4,,,10614,5515,5501,,,,,,,,,,,17170
"ZWE",,,,,,,,,0,,,10948,114,,3,,,,,139,,,,,3,,,20439,,,,15,,,,,,3333,13,,,,9,,,,,,,,1,,,,,81,15,,,145,,,,,24,,,171,,,,,,,26,224,,,,,,,,,196,,,,,,,,,,,,22,1,,,,,1244,,,227,,,,,,,,,,3,,35,,,,,,,16533,,,,16,,,,,,,,,,,,,36395,,7585,,,569,,3783,,,,,,,92,,,,,,,,,31,823,,,,,,,90,,,,0,,,,,,,,12,,,,,,5,,,96102,,105,,,,,182,399,,,0,,,,,,,,,,,2,,,35995,439,12678,,,,,7,,,,,6110,
